매수시각,매도시각,종목코드,종목명,전략,수량,매수평균,매도평균,순손익,수익률%,R,진입근거,청산사유
2026-01-02 15:00,2026-01-05 09:01,005930,삼성전자,종가베팅,5,128150,134600,30708,4.793,1.60,"종가베팅: 등락 +6.4%, 고저범위 99% 위치, VWAP 124,518 위",목표 익절 +5%
2026-01-05 09:05,2026-01-05 09:10,042700,한미반도체,ORB,8,158500,156100,-22074,-1.741,-1.20,"ORB5 고가 158,400 돌파 (범위 3.4%)","손절 (156,200)"
2026-01-05 09:05,2026-01-05 09:18,034020,두산에너빌리티,ORB,15,80100,80500,3224,0.268,0.18,"ORB5 고가 80,000 돌파 (범위 5.1%)","트레일링 (80,500)"
2026-01-05 15:00,2026-01-06 09:03,010120,LS ELECTRIC,종가베팅,6,101500,98300,-20558,-3.376,-1.14,"종가베팅: 등락 +3.2%, 고저범위 88% 위치, VWAP 100,357 위","손절 (98,500)"
2026-01-05 15:00,2026-01-06 09:04,042700,한미반도체,종가베팅,4,166000,171900,22026,3.317,1.12,"종가베팅: 등락 +13.8%, 고저범위 98% 위치, VWAP 159,782 위",목표 익절 +5%
2026-01-06 09:06,2026-01-06 09:08,307950,현대오토에버,ORB,3,350500,357333.33,18039,1.716,1.20,"ORB5 고가 350,000 돌파 (범위 7.2%)","트레일링 (357,500)"
2026-01-06 15:00,2026-01-07 09:01,042700,한미반도체,종가베팅,3,180600,194200,39467,7.284,2.44,"종가베팅: 등락 +3.8%, 고저범위 96% 위치, VWAP 175,492 위",목표 익절 +5%
2026-01-06 15:00,2026-01-07 09:01,403870,HPSP,종가베팅,16,38350,36250,-34939,-5.694,-1.90,"종가베팅: 등락 +9.4%, 고저범위 88% 위치, VWAP 37,003 위","손절 (37,200)"
2026-01-07 09:05,2026-01-07 09:07,006140,피제이전자,ORB,154,8340,8625,40845,3.180,2.21,"ORB5 고가 8,310 돌파 (범위 7.9%)",목표 익절 +4.0%
2026-01-08 09:06,2026-01-08 09:09,012450,한화에어로스페이스,ORB,1,1070000,1073000,534,0.050,0.03,"ORB5 고가 1,068,000 돌파 (범위 4.2%)","본절 (1,073,000)"
2026-01-07 15:00,2026-01-08 09:14,249420,일동제약,종가베팅,15,42950,42680,-5521,-0.857,-0.29,"종가베팅: 등락 +10.4%, 고저범위 97% 위치, VWAP 41,389 위","손절 (41,700)"
2026-01-07 15:00,2026-01-08 10:00,226950,올릭스,종가베팅,4,158200,157500,-4248,-0.671,-0.23,"종가베팅: 등락 +7.1%, 고저범위 92% 위치, VWAP 155,492 위",익일 청산 시각 10:00
2026-01-08 15:00,2026-01-09 09:01,036930,주성엔지니어링,종가베팅,18,35050,33850,-23003,-3.646,-1.22,"종가베팅: 등락 +13.1%, 고저범위 84% 위치, VWAP 34,635 위","손절 (34,000)"
2026-01-09 09:05,2026-01-09 09:10,234030,싸이닉솔루션,ORB,118,10980,11180,20572,1.588,1.09,"ORB5 고가 10,970 돌파 (범위 8.6%)","트레일링 (11,140)"
2026-01-09 09:06,2026-01-09 09:13,103140,풍산,ORB,5,122700,119200.00,-18873,-3.076,-1.08,"ORB5 고가 122,500 돌파 (범위 2.7%)","손절 (119,200)"
2026-01-08 15:00,2026-01-09 09:51,347850,디앤디파마텍,종가베팅,6,108200,104900,-21249,-3.273,-1.11,"종가베팅: 등락 +9.3%, 고저범위 91% 위치, VWAP 104,011 위","손절 (105,000)"
2026-01-09 09:46,2026-01-09 09:57,047810,한국항공우주,ORB,8,148000,148900,4463,0.377,0.25,"ORB5 고가 147,900 돌파 (범위 4.2%)","트레일링 (149,000)"
2026-01-09 15:00,2026-01-12 09:02,196170,알테오젠,종가베팅,1,390137,378500,-12508,-3.206,-1.07,"종가베팅: 등락 +5.3%, 고저범위 92% 위치, VWAP 380,705 위","손절 (378,500)"
2026-01-12 09:06,2026-01-12 09:09,000720,현대건설,ORB,15,81500,82666.67,14654,1.199,0.81,"ORB5 고가 81,200 돌파 (범위 4.2%)","트레일링 (82,300)"
2026-01-12 09:06,2026-01-12 09:10,034020,두산에너빌리티,ORB,14,89700,88400,-21048,-1.676,-1.16,"ORB5 고가 89,600 돌파 (범위 3.0%)","손절 (88,400)"
2026-01-09 15:00,2026-01-12 09:24,011210,현대위아,종가베팅,7,91100,90271.43,-7250,-1.137,-0.38,"종가베팅: 등락 +9.0%, 고저범위 79% 위치, VWAP 87,585 위","손절 (88,400)"
2026-01-13 09:05,2026-01-13 09:05,101490,에스앤에스텍,ORB,18,69700,68500,-24438,-1.948,-1.36,"ORB5 고가 69,600 돌파 (범위 8.6%)","손절 (68,700)"
2026-01-13 09:05,2026-01-13 09:07,307950,현대오토에버,ORB,2,503000,518500,28621,2.845,2.04,"ORB5 고가 501,000 돌파 (범위 3.7%)",목표 익절 +4.0%
2026-01-12 15:00,2026-01-13 10:00,000720,현대건설,종가베팅,7,89900,88500,-11225,-1.784,-0.62,"종가베팅: 등락 +18.0%, 고저범위 81% 위치, VWAP 87,350 위",익일 청산 시각 10:00
2026-01-12 15:04,2026-01-13 10:00,373220,LG에너지솔루션,종가베팅,1,376500,392250,14852,3.945,1.35,"종가베팅: 등락 +3.6%, 고저범위 82% 위치, VWAP 375,118 위",익일 청산 시각 10:00
2026-01-13 15:00,2026-01-14 09:04,042660,한화오션,종가베팅,4,149400,145000,-18936,-3.169,-1.08,"종가베팅: 등락 +3.8%, 고저범위 93% 위치, VWAP 147,698 위","손절 (145,000)"
2026-01-14 09:05,2026-01-14 09:06,066570,LG전자,ORB,13,96700,95300.00,-21050,-1.674,-1.16,"ORB5 고가 96,500 돌파 (범위 5.5%)","손절 (95,300)"
2026-01-14 09:05,2026-01-14 09:06,000990,DB하이텍,ORB,15,81200,83706.67,34720,2.851,1.93,"ORB5 고가 81,000 돌파 (범위 5.2%)",목표 익절 +4.0%
2026-01-14 09:06,2026-01-14 09:07,042700,한미반도체,ORB,7,185500,182600,-23241,-1.790,-1.23,"ORB5 고가 185,300 돌파 (범위 4.7%)","손절 (182,800)"
2026-01-13 15:00,2026-01-14 09:09,030530,원익홀딩스,종가베팅,15,43000,41750,-20191,-3.130,-1.08,"종가베팅: 등락 +9.6%, 고저범위 95% 위치, VWAP 41,807 위","손절 (41,750)"
2026-01-14 09:09,2026-01-14 09:18,000270,기아,ORB,9,140800,143966.67,25526,2.014,1.35,"ORB5 고가 140,600 돌파 (범위 3.2%)","트레일링 (144,500)"
2026-01-14 15:00,2026-01-15 09:01,388210,씨엠티엑스,종가베팅,5,114800,111000,-20279,-3.533,-1.19,"종가베팅: 등락 +13.7%, 고저범위 85% 위치, VWAP 111,605 위","손절 (111,400)"
2026-01-15 09:06,2026-01-15 09:10,000880,한화,ORB,5,157900,154100,-20774,-2.631,-1.09,"ORB5 고가 157,746 돌파 (범위 2.3%)","손절 (154,100)"
2026-01-15 09:07,2026-01-15 10:17,007660,이수페타시스,ORB,10,121600,119800,-20757,-1.707,-1.15,"ORB5 고가 121,400 돌파 (범위 3.5%)","손절 (119,800)"
2026-01-15 15:00,2026-01-16 09:05,000720,현대건설,종가베팅,6,98900,100600.0,8816,1.486,0.51,"종가베팅: 등락 +5.1%, 고저범위 98% 위치, VWAP 96,504 위","트레일링 (100,500)"
2026-01-16 09:44,2026-01-16 09:47,200880,서연이화,ORB,79,16300,16599.37,20640,1.603,1.09,"ORB5 고가 16,290 돌파 (범위 4.5%)","트레일링 (16,570)"
2026-01-15 15:00,2026-01-16 10:00,005930,삼성전자,종가베팅,4,143800,146875,10953,1.904,0.64,"종가베팅: 등락 +3.1%, 고저범위 96% 위치, VWAP 141,223 위",익일 청산 시각 10:00
2026-01-16 15:00,2026-01-19 09:03,032820,우리기술,종가베팅,136,4745,5610,115905,17.961,6.09,"종가베팅: 등락 +17.6%, 고저범위 78% 위치, VWAP 4,593 위",목표 익절 +5%
2026-01-19 09:06,2026-01-19 09:07,454910,두산로보틱스,ORB,12,100600,100900,817,0.068,0.05,"ORB5 고가 100,300 돌파 (범위 7.2%)","트레일링 (101,100)"
2026-01-19 09:05,2026-01-19 09:08,005380,현대차,ORB,2,439500,441000,973,0.111,0.07,"ORB5 고가 439,000 돌파 (범위 4.6%)","본절 (441,000)"
2026-01-19 09:07,2026-01-19 09:09,456160,지투지바이오,ORB,15,86500,86900,3004,0.232,0.17,"ORB5 고가 86,300 돌파 (범위 4.6%)","트레일링 (86,900)"
2026-01-19 15:00,2026-01-20 09:01,005380,현대차,종가베팅,1,476000,490000,12876,2.705,0.92,"종가베팅: 등락 +14.4%, 고저범위 84% 위치, VWAP 460,332 위","트레일링 (491,000)"
2026-01-19 15:00,2026-01-20 09:03,454910,두산로보틱스,종가베팅,6,107100,123100,94317,14.677,4.91,"종가베팅: 등락 +18.5%, 고저범위 78% 위치, VWAP 106,280 위",목표 익절 +5%
2026-01-20 09:05,2026-01-20 09:06,022100,포스코DX,ORB,28,44900,44150.0,-23845,-1.897,-1.31,"ORB5 고가 44,850 돌파 (범위 2.9%)","손절 (44,250)"
2026-01-20 09:05,2026-01-20 09:06,457190,이수스페셜티케미컬,ORB,15,84200,84400,90,0.007,0.00,"ORB5 고가 84,000 돌파 (범위 6.3%)","본절 (84,400)"
2026-01-21 09:11,2026-01-21 09:12,032820,우리기술,ORB,135,9430,9260,-25827,-2.029,-1.37,"ORB5 고가 9,420 돌파 (범위 9.7%)","손절 (9,290)"
2026-01-21 09:06,2026-01-21 09:13,257720,실리콘투,ORB,29,45500,46424.14,23710,1.797,1.26,"ORB5 고가 45,450 돌파 (범위 5.7%)","트레일링 (46,400)"
2026-01-20 15:00,2026-01-21 09:16,005490,POSCO홀딩스,종가베팅,1,357000,346500,-11297,-3.164,-1.08,"종가베팅: 등락 +3.3%, 고저범위 96% 위치, VWAP 352,361 위","손절 (346,500)"
2026-01-20 15:04,2026-01-21 09:55,015760,한국전력,종가베팅,9,66700,67666.67,7302,1.216,0.41,"종가베팅: 등락 +18.7%, 고저범위 95% 위치, VWAP 62,808 위","트레일링 (67,400)"
2026-01-22 09:05,2026-01-22 09:06,215100,로보로보,ORB,92,14270,14555.00,23147,1.763,1.20,"ORB5 고가 14,250 돌파 (범위 5.6%)","트레일링 (14,470)"
2026-01-21 15:00,2026-01-22 09:09,005930,삼성전자,종가베팅,4,149200,155850,25173,4.218,1.43,"종가베팅: 등락 +4.6%, 고저범위 91% 위치, VWAP 147,477 위",목표 익절 +5%
2026-01-21 15:00,2026-01-22 09:25,066570,LG전자,종가베팅,6,109700,106500,-20671,-3.141,-1.08,"종가베팅: 등락 +7.8%, 고저범위 91% 위치, VWAP 105,507 위","손절 (106,500)"
2026-01-23 09:05,2026-01-23 09:05,005490,POSCO홀딩스,ORB,3,389500,384000,-19151,-1.639,-1.16,"ORB5 고가 389,000 돌파 (범위 6.0%)","손절 (384,000)"
2026-01-23 09:05,2026-01-23 09:06,000250,삼천당제약,ORB,3,347000,347500.00,-897,-0.086,-0.06,"ORB5 고가 346,000 돌파 (범위 7.5%)","트레일링 (348,500)"
2026-01-22 15:00,2026-01-23 09:10,066970,엘앤에프,종가베팅,5,126600,122600,-21411,-3.382,-1.13,"종가베팅: 등락 +13.0%, 고저범위 97% 위치, VWAP 122,059 위","손절 (122,800)"
2026-01-23 09:07,2026-01-23 09:13,064260,다날,ORB,185,7310,7210,-21569,-1.595,-1.17,"ORB5 고가 7,300 돌파 (범위 5.6%)","손절 (7,210)"
2026-01-22 15:00,2026-01-23 09:58,007660,이수페타시스,종가베팅,5,113600,116340,12366,2.177,0.73,"종가베팅: 등락 +5.1%, 고저범위 91% 위치, VWAP 110,173 위","트레일링 (116,700)"
2026-01-23 15:00,2026-01-26 09:01,006800,미래에셋증권,종가베팅,19,34850,33555,-26074,-3.938,-1.37,"종가베팅: 등락 +15.7%, 고저범위 88% 위치, VWAP 33,359 위","손절 (33,850)"
2026-01-23 15:00,2026-01-26 09:02,007660,이수페타시스,종가베팅,5,119900,116300,-19339,-3.226,-1.11,"종가베팅: 등락 +5.9%, 고저범위 90% 위치, VWAP 117,816 위","손절 (116,400)"
2026-01-26 09:05,2026-01-26 09:06,247540,에코프로비엠,ORB,7,180600,177500,-24560,-1.943,-1.30,"ORB5 고가 180,521 돌파 (범위 3.0%)","손절 (177,900)"
2026-01-26 09:05,2026-01-26 09:08,032820,우리기술,ORB,168,7760,7770,-1320,-0.101,-0.07,"ORB5 고가 7,730 돌파 (범위 7.8%)","트레일링 (7,790)"
2026-01-26 15:00,2026-01-27 09:06,058470,리노공업,종가베팅,8,75200,77800,19373,3.220,1.10,"종가베팅: 등락 +9.0%, 고저범위 83% 위치, VWAP 73,787 위",목표 익절 +5%
2026-01-26 15:00,2026-01-27 09:09,347850,디앤디파마텍,종가베팅,6,96900,98350,7347,1.264,0.42,"종가베팅: 등락 +12.9%, 고저범위 95% 위치, VWAP 94,119 위","트레일링 (98,400)"
2026-01-27 09:07,2026-01-27 09:10,388720,유일로보틱스,ORB,9,145100,146100,5979,0.458,0.32,"ORB5 고가 145,000 돌파 (범위 6.4%)","트레일링 (146,100)"
2026-01-27 15:00,2026-01-28 09:05,042700,한미반도체,종가베팅,3,175700,180066.67,11862,2.250,0.76,"종가베팅: 등락 +3.4%, 고저범위 98% 위치, VWAP 171,123 위","트레일링 (179,300)"
2026-01-28 09:05,2026-01-28 09:11,403870,HPSP,ORB,21,39300,39864.29,9929,1.203,0.53,"ORB5 고가 39,200 돌파 (범위 2.0%)","트레일링 (39,650)"
2026-01-28 09:11,2026-01-28 09:14,007660,이수페타시스,ORB,10,126100,126300,-904,-0.072,-0.05,"ORB5 고가 126,000 돌파 (범위 3.1%)","본절 (126,400)"
2026-01-28 09:05,2026-01-28 09:15,373220,LG에너지솔루션,ORB,2,441000,443000,1964,0.223,0.15,"ORB5 고가 440,500 돌파 (범위 4.5%)","트레일링 (443,500)"
2026-01-27 15:00,2026-01-28 09:25,005930,삼성전자,종가베팅,4,158650,161400,9520,1.500,0.50,"종가베팅: 등락 +4.1%, 고저범위 97% 위치, VWAP 154,462 위","트레일링 (160,200)"
2026-01-28 15:02,2026-01-29 09:02,450080,에코프로머티,종가베팅,8,75000,77200,16183,2.697,0.92,"종가베팅: 등락 +15.9%, 고저범위 83% 위치, VWAP 72,455 위","트레일링 (77,200)"
2026-01-28 15:00,2026-01-29 09:05,005490,POSCO홀딩스,종가베팅,1,379500,368500,-11848,-3.122,-1.08,"종가베팅: 등락 +5.3%, 고저범위 83% 위치, VWAP 370,426 위","손절 (368,500)"
2026-01-29 15:00,2026-01-30 09:01,307950,현대오토에버,종가베팅,1,487500,472000,-16587,-3.402,-1.14,"종가베팅: 등락 +9.6%, 고저범위 85% 위치, VWAP 475,804 위","손절 (473,000)"
2026-01-29 15:00,2026-01-30 09:04,000270,기아,종가베팅,4,155950,151300,-19993,-3.205,-1.07,"종가베팅: 등락 +3.4%, 고저범위 92% 위치, VWAP 152,791 위","손절 (151,300)"
2026-01-30 09:05,2026-01-30 09:06,027360,아주IB투자,ORB,270,4845,4760,-25908,-1.981,-1.37,"ORB5 고가 4,830 돌파 (범위 5.9%)","손절 (4,775)"
2026-01-30 09:05,2026-01-30 09:20,017670,SK텔레콤,ORB,16,74300,73200,-20295,-1.707,-1.15,"ORB5 고가 74,200 돌파 (범위 5.4%)","손절 (73,200)"
2026-01-30 09:07,2026-01-30 09:27,103140,풍산,ORB,9,139200,139000,-4676,-0.373,-0.26,"ORB5 고가 139,100 돌파 (범위 3.0%)",타임스탑 20분
2026-01-30 15:00,2026-02-02 09:01,036540,SFA반도체,종가베팅,84,7890,7630,-23316,-3.518,-1.21,"종가베팅: 등락 +15.0%, 고저범위 82% 위치, VWAP 7,676 위","손절 (7,660)"
2026-01-30 15:00,2026-02-02 09:01,080220,제주반도체,종가베팅,15,43400,42100,-20954,-3.219,-1.07,"종가베팅: 등락 +17.6%, 고저범위 86% 위치, VWAP 41,755 위","손절 (42,100)"
2026-02-02 09:05,2026-02-02 09:06,128820,대성산업,ORB,154,8100,8150.00,4815,0.386,0.26,"ORB5 고가 8,080 돌파 (범위 6.7%)","트레일링 (8,150)"
2026-02-02 09:06,2026-02-02 09:09,038500,삼표시멘트,ORB,133,9510,9724.96,25622,2.026,1.38,"ORB5 고가 9,430 돌파 (범위 9.7%)","트레일링 (9,720)"
2026-02-02 15:01,2026-02-03 09:01,006220,제주은행,종가베팅,39,16920,16300,-25644,-3.886,-1.32,"종가베팅: 등락 +19.3%, 고저범위 82% 위치, VWAP 16,529 위","손절 (16,420)"
2026-02-03 09:24,2026-02-03 09:26,027360,아주IB투자,ORB,267,4975,5044.91,15573,1.172,0.83,"ORB5 고가 4,970 돌파 (범위 3.4%)","트레일링 (5,030)"
2026-02-03 09:44,2026-02-03 09:52,064260,다날,ORB,133,9580,9870.68,35650,2.798,1.91,"ORB5 고가 9,570 돌파 (범위 4.2%)",목표 익절 +4.0%
2026-02-03 15:00,2026-02-04 09:01,000720,현대건설,종가베팅,6,107400,115200,45219,7.017,2.36,"종가베팅: 등락 +8.9%, 고저범위 84% 위치, VWAP 105,525 위",목표 익절 +5%
2026-02-04 09:08,2026-02-04 09:10,457190,이수스페셜티케미컬,ORB,11,114700,113000,-21561,-1.709,-1.15,"ORB5 고가 114,500 돌파 (범위 8.1%)","손절 (113,000)"
2026-02-04 09:05,2026-02-04 09:11,267260,HD현대일렉트릭,ORB,1,925000,912000,-15098,-1.632,-1.16,"ORB5 고가 924,000 돌파 (범위 4.4%)","손절 (912,000)"
2026-02-03 15:00,2026-02-04 10:00,005490,POSCO홀딩스,종가베팅,1,358000,360000,1173,0.328,0.11,"종가베팅: 등락 +4.1%, 고저범위 93% 위치, VWAP 351,867 위",익일 청산 시각 10:00
2026-02-05 09:06,2026-02-05 09:06,139480,이마트,ORB,12,105900,104100,-24475,-1.926,-1.36,"ORB5 고가 105,700 돌파 (범위 4.9%)","손절 (104,400)"
2026-02-04 15:00,2026-02-05 10:00,006400,삼성SDI,종가베팅,1,391500,392000,-400,-0.102,-0.03,"종가베팅: 등락 +4.0%, 고저범위 81% 위치, VWAP 390,059 위",익일 청산 시각 10:00
2026-02-05 15:13,2026-02-06 09:01,171090,선익시스템,종가베팅,8,80000,76300,-31007,-4.845,-1.61,"종가베팅: 등락 +4.3%, 고저범위 75% 위치, VWAP 76,146 위","손절 (77,600)"
2026-02-06 09:05,2026-02-06 09:06,008830,대동기어,ORB,80,16260,16785,38921,2.992,2.03,"ORB5 고가 16,250 돌파 (범위 6.4%)",목표 익절 +4.0%
2026-02-05 15:00,2026-02-06 09:06,483650,달바글로벌,종가베팅,3,169000,164000,-16133,-3.182,-1.08,"종가베팅: 등락 +5.5%, 고저범위 92% 위치, VWAP 166,654 위","손절 (164,000)"
2026-02-06 15:00,2026-02-09 09:01,489790,한화비전,종가베팅,9,66700,70000,28256,4.707,1.57,"종가베팅: 등락 +7.4%, 고저범위 76% 위치, VWAP 65,878 위",목표 익절 +5%
2026-02-09 09:20,2026-02-09 09:41,090430,아모레퍼시픽,ORB,8,155700,160500,35455,2.846,1.93,"ORB5 고가 155,600 돌파 (범위 8.1%)",목표 익절 +4.0%
2026-02-06 15:00,2026-02-09 10:00,017800,현대엘리베이터,종가베팅,6,101500,101900,996,0.164,0.06,"종가베팅: 등락 +4.9%, 고저범위 86% 위치, VWAP 99,010 위",익일 청산 시각 10:00
2026-02-10 09:05,2026-02-10 09:06,078600,대주전자재료,ORB,13,98100,96500,-23688,-1.857,-1.30,"ORB5 고가 98,000 돌파 (범위 4.0%)","손절 (96,700)"
2026-02-09 15:00,2026-02-10 10:00,298380,에이비엘바이오,종가베팅,3,191000,189500,-5807,-1.013,-0.34,"종가베팅: 등락 +6.6%, 고저범위 91% 위치, VWAP 186,370 위",익일 청산 시각 10:00
2026-02-09 15:07,2026-02-10 10:00,352820,하이브,종가베팅,1,376500,383000,5621,1.493,0.51,"종가베팅: 등락 +5.0%, 고저범위 89% 위치, VWAP 372,498 위",익일 청산 시각 10:00
2026-02-11 09:05,2026-02-11 09:05,241520,DSC인베스트먼트,ORB,100,13020,12820,-22951,-1.763,-1.21,"ORB5 고가 13,000 돌파 (범위 9.0%)","손절 (12,830)"
2026-02-11 09:05,2026-02-11 09:08,032820,우리기술,ORB,118,11200,11230,494,0.037,0.03,"ORB5 고가 11,190 돌파 (범위 9.9%)","본절 (11,230)"
2026-02-11 09:24,2026-02-11 09:25,389140,포바이포,ORB,125,10210,10060,-21644,-1.696,-1.15,"ORB5 고가 10,190 돌파 (범위 8.9%)","손절 (10,060)"
2026-02-10 15:00,2026-02-11 09:28,267270,HD건설기계,종가베팅,5,131900,136880,23332,3.538,1.20,"종가베팅: 등락 +7.8%, 고저범위 88% 위치, VWAP 129,769 위",목표 익절 +5%
2026-02-11 09:33,2026-02-11 09:36,066570,LG전자,ORB,11,110200,111900,15874,1.310,0.90,"ORB5 고가 110,000 돌파 (범위 4.1%)","트레일링 (111,500)"
2026-02-10 15:00,2026-02-11 10:00,055550,신한지주,종가베팅,6,98600,99850,6125,1.035,0.35,"종가베팅: 등락 +4.8%, 고저범위 90% 위치, VWAP 97,486 위",익일 청산 시각 10:00
2026-02-11 15:00,2026-02-12 09:01,316140,우리금융지주,종가베팅,17,37950,39776.47,29502,4.573,1.58,"종가베팅: 등락 +6.0%, 고저범위 80% 위치, VWAP 37,339 위",목표 익절 +5%
2026-02-12 09:05,2026-02-12 09:05,032820,우리기술,ORB,95,13620,13400.0,-23830,-1.842,-1.25,"ORB5 고가 13,600 돌파 (범위 8.4%)","손절 (13,420)"
2026-02-12 09:11,2026-02-12 09:12,397030,에이프릴바이오,ORB,18,73100,72000,-22783,-1.731,-1.27,"ORB5 고가 73,000 돌파 (범위 4.1%)","손절 (72,100)"
2026-02-11 15:00,2026-02-12 10:00,000270,기아,종가베팅,4,161800,162700,2105,0.325,0.11,"종가베팅: 등락 +4.1%, 고저범위 97% 위치, VWAP 159,553 위",익일 청산 시각 10:00
2026-02-12 15:00,2026-02-13 09:26,005930,삼성전자,종가베팅,3,178100,181533.33,9051,1.694,0.57,"종가베팅: 등락 +6.8%, 고저범위 84% 위치, VWAP 175,751 위","트레일링 (181,600)"
2026-02-12 15:00,2026-02-13 09:50,051910,LG화학,종가베팅,1,337000,327000,-10753,-3.191,-1.08,"종가베팅: 등락 +4.2%, 고저범위 78% 위치, VWAP 334,336 위","손절 (327,000)"
2026-02-13 15:09,2026-02-19 09:01,221800,지구홀딩스,종가베팅,50,13080,14660,77327,11.824,3.97,"종가베팅: 등락 +15.9%, 고저범위 80% 위치, VWAP 11,919 위",목표 익절 +5%
2026-02-19 09:07,2026-02-19 09:08,003530,한화투자증권,ORB,156,8170,8050.00,-21610,-1.696,-1.15,"ORB5 고가 8,160 돌파 (범위 3.3%)","손절 (8,050)"
2026-02-20 09:05,2026-02-20 09:07,034220,LG디스플레이,ORB,96,13380,13785,35844,2.791,1.87,"ORB5 고가 13,350 돌파 (범위 5.5%)",목표 익절 +4.0%
2026-02-19 15:00,2026-02-20 10:00,298380,에이비엘바이오,종가베팅,3,194900,191600,-11222,-1.919,-0.64,"종가베팅: 등락 +6.0%, 고저범위 97% 위치, VWAP 191,833 위",익일 청산 시각 10:00
2026-02-19 15:00,2026-02-20 10:00,352820,하이브,종가베팅,1,404500,401000,-4422,-1.093,-0.37,"종가베팅: 등락 +3.6%, 고저범위 97% 위치, VWAP 400,859 위",익일 청산 시각 10:00
2026-02-20 15:00,2026-02-23 09:01,034730,SK,종가베팅,1,380000,387500,6610,1.739,0.60,"종가베팅: 등락 +6.9%, 고저범위 93% 위치, VWAP 375,448 위","트레일링 (388,500)"
2026-02-23 09:06,2026-02-23 09:08,006340,대원전선,ORB,270,4800,4882.5,19249,1.485,1.02,"ORB5 고가 4,775 돌파 (범위 9.9%)","트레일링 (4,885)"
2026-02-23 09:13,2026-02-23 09:16,032820,우리기술,ORB,81,16310,16831.98,39153,2.964,2.01,"ORB5 고가 16,300 돌파 (범위 4.9%)",목표 익절 +4.0%
2026-02-20 15:09,2026-02-23 10:00,009540,HD한국조선해양,종가베팅,1,451500,454500,1956,0.433,0.14,"종가베팅: 등락 +7.3%, 고저범위 97% 위치, VWAP 440,099 위",익일 청산 시각 10:00
2026-02-23 15:00,2026-02-24 09:02,456160,지투지바이오,종가베팅,6,99350,101450.00,11205,1.880,0.63,"종가베팅: 등락 +10.9%, 고저범위 80% 위치, VWAP 97,071 위","트레일링 (100,800)"
2026-02-24 09:05,2026-02-24 09:06,032820,우리기술,ORB,72,18570,18270,-24627,-1.842,-1.27,"ORB5 고가 18,540 돌파 (범위 7.5%)","손절 (18,300)"
2026-02-24 09:05,2026-02-24 09:06,006400,삼성SDI,ORB,3,418000,412000,-20845,-1.662,-1.16,"ORB5 고가 417,500 돌파 (범위 5.0%)","손절 (412,000)"
2026-02-24 09:05,2026-02-24 09:07,066970,엘앤에프,ORB,10,122600,120600,-22775,-1.858,-1.27,"ORB5 고가 122,300 돌파 (범위 5.9%)","손절 (120,800)"
2026-02-23 15:01,2026-02-24 09:10,007660,이수페타시스,종가베팅,6,106400,108250,9612,1.506,0.52,"종가베팅: 등락 +5.3%, 고저범위 91% 위치, VWAP 104,124 위","트레일링 (107,700)"
2026-02-24 10:01,2026-02-24 10:08,008930,한미사이언스,ORB,27,49600,48900.0,-21938,-1.638,-1.16,"ORB5 고가 49,550 돌파 (범위 8.0%)","손절 (48,900)"
2026-02-24 10:02,2026-02-24 14:50,373220,LG에너지솔루션,ORB,3,413000,412000,-5842,-0.472,-0.32,"ORB5 고가 412,500 돌파 (범위 2.9%)",장마감 강제청산
2026-02-24 15:00,2026-02-25 09:02,047040,대우건설,종가베팅,81,8030,8265.06,17506,2.691,0.90,"종가베팅: 등락 +7.1%, 고저범위 82% 위치, VWAP 7,817 위","트레일링 (8,280)"
2026-02-25 09:05,2026-02-25 09:10,000270,기아,ORB,7,184300,187242.86,17593,1.364,0.93,"ORB5 고가 184,100 돌파 (범위 5.3%)","트레일링 (186,800)"
2026-02-25 09:11,2026-02-25 09:13,103590,일진전기,ORB,13,97100,95500,-23658,-1.874,-1.30,"ORB5 고가 96,700 돌파 (범위 6.1%)","손절 (95,700)"
2026-02-24 15:03,2026-02-25 10:00,051910,LG화학,종가베팅,1,351000,363500,11667,3.324,1.11,"종가베팅: 등락 +5.2%, 고저범위 97% 위치, VWAP 345,204 위",익일 청산 시각 10:00
2026-02-25 15:00,2026-02-26 09:01,226950,올릭스,종가베팅,4,165200,159600,-23870,-3.612,-1.22,"종가베팅: 등락 +13.7%, 고저범위 94% 위치, VWAP 158,714 위","손절 (160,300)"
2026-02-26 09:09,2026-02-26 09:42,066570,LG전자,ORB,9,146000,143800,-22779,-1.734,-1.21,"ORB5 고가 145,800 돌파 (범위 3.8%)","손절 (143,900)"
2026-02-25 15:12,2026-02-26 10:00,000270,기아,종가베팅,3,196700,199366.67,6627,1.123,0.37,"종가베팅: 등락 +12.7%, 고저범위 87% 위치, VWAP 194,593 위",익일 청산 시각 10:00
2026-02-27 09:05,2026-02-27 09:06,052690,한전기술,ORB,6,190300,187500,-19389,-1.698,-1.15,"ORB5 고가 189,800 돌파 (범위 4.9%)","손절 (187,500)"
2026-02-27 09:09,2026-02-27 09:26,034020,두산에너빌리티,ORB,11,109400,107800,-20328,-1.689,-1.16,"ORB5 고가 109,300 돌파 (범위 3.6%)","손절 (107,800)"
2026-02-27 15:00,2026-03-03 09:01,051910,LG화학,종가베팅,1,418750,401500,-18175,-4.340,-1.43,"종가베팅: 등락 +7.4%, 고저범위 87% 위치, VWAP 413,174 위","손절 (406,000)"
2026-03-03 09:05,2026-03-03 09:06,322000,HD현대에너지솔루션,ORB,11,110300,108600,-21449,-1.768,-1.22,"ORB5 고가 110,000 돌파 (범위 4.7%)","손절 (108,700)"
2026-03-03 09:05,2026-03-03 09:07,010170,대한광통신,ORB,268,4760,4857.5,23142,1.814,1.23,"ORB5 고가 4,755 돌파 (범위 9.9%)","트레일링 (4,830)"
2026-03-04 09:05,2026-03-04 09:06,103140,풍산,ORB,8,158400,156100.0,-21274,-1.679,-1.16,"ORB5 고가 158,300 돌파 (범위 4.8%)","손절 (156,100)"
2026-03-04 09:05,2026-03-04 09:08,128820,대성산업,ORB,111,11610,11996.22,39818,3.090,2.11,"ORB5 고가 11,600 돌파 (범위 6.7%)",목표 익절 +4.0%
2026-03-05 09:05,2026-03-05 09:07,066570,LG전자,ORB,7,120300,117700,-20096,-2.386,-1.15,"ORB5 고가 120,200 돌파 (범위 2.0%)","손절 (117,800)"
2026-03-05 09:05,2026-03-05 09:25,005930,삼성전자,ORB,4,195500,197300,5387,0.689,0.31,"ORB5 고가 195,300 돌파 (범위 2.1%)",타임스탑 20분
2026-03-05 15:00,2026-03-05 15:10,086520,에코프로,종가베팅,3,167900,162800,-16424,-3.261,-1.09,"종가베팅: 등락 +16.4%, 고저범위 94% 위치, VWAP 159,745 위","손절 (162,900)"
2026-03-05 15:01,2026-03-06 09:01,010950,S-Oil,종가베팅,5,131500,141700,49379,7.510,2.53,"종가베팅: 등락 +11.0%, 고저범위 91% 위치, VWAP 126,372 위",목표 익절 +5%
2026-03-06 09:05,2026-03-06 09:08,322000,HD현대에너지솔루션,ORB,13,99800,101800,22964,1.770,1.26,"ORB5 고가 99,100 돌파 (범위 7.3%)","트레일링 (102,000)"
2026-03-06 09:24,2026-03-06 09:25,032820,우리기술,ORB,71,18010,17740,-22068,-1.726,-1.15,"ORB5 고가 17,980 돌파 (범위 5.6%)","손절 (17,740)"
2026-03-06 15:00,2026-03-09 09:01,000720,현대건설,종가베팅,4,154600,147400,-30159,-4.877,-1.64,"종가베팅: 등락 +5.9%, 고저범위 82% 위치, VWAP 147,409 위","손절 (150,000)"
2026-03-09 09:05,2026-03-09 09:06,047050,포스코인터내셔널,ORB,15,83000,81500,-25314,-2.033,-1.41,"ORB5 고가 82,800 돌파 (범위 5.7%)","손절 (81,800)"
2026-03-09 09:11,2026-03-09 09:12,322000,HD현대에너지솔루션,ORB,10,124200,122200,-22813,-1.837,-1.27,"ORB5 고가 124,000 돌파 (범위 8.7%)","손절 (122,400)"
2026-03-06 15:00,2026-03-09 09:54,034020,두산에너빌리티,종가베팅,6,97700,97250,-4038,-0.689,-0.23,"종가베팅: 등락 +6.0%, 고저범위 97% 위치, VWAP 93,752 위","손절 (94,800)"
2026-03-09 15:00,2026-03-10 09:01,043260,성호전자,종가베팅,16,38850,40950,32099,5.164,1.74,"종가베팅: 등락 +3.3%, 고저범위 98% 위치, VWAP 36,762 위",목표 익절 +5%
2026-03-10 09:05,2026-03-10 09:06,032820,우리기술,ORB,71,18570,18300,-22159,-1.681,-1.16,"ORB5 고가 18,550 돌파 (범위 3.6%)","손절 (18,300)"
2026-03-10 09:18,2026-03-10 10:07,034020,두산에너빌리티,ORB,12,102800,103200,1954,0.158,0.11,"ORB5 고가 102,600 돌파 (범위 2.7%)","트레일링 (103,200)"
2026-03-11 09:05,2026-03-11 09:05,089030,테크윙,ORB,18,72500,71400,-22757,-1.744,-1.26,"ORB5 고가 72,400 돌파 (범위 8.4%)","손절 (71,500)"
2026-03-11 09:05,2026-03-11 09:07,001510,SK증권,ORB,308,4085,4015,-24406,-1.940,-1.32,"ORB5 고가 4,074 돌파 (범위 7.8%)","손절 (4,025)"
2026-03-11 09:17,2026-03-11 09:23,042660,한화오션,ORB,9,136300,136700,772,0.063,0.04,"ORB5 고가 136,000 돌파 (범위 4.3%)","트레일링 (136,800)"
2026-03-11 09:35,2026-03-11 09:49,015750,성우하이텍,ORB,111,11400,11746.04,35420,2.799,1.88,"ORB5 고가 11,390 돌파 (범위 6.3%)",목표 익절 +4.0%
2026-03-12 15:00,2026-03-13 09:01,456160,지투지바이오,종가베팅,5,114200,109400,-25261,-4.424,-1.49,"종가베팅: 등락 +9.1%, 고저범위 87% 위치, VWAP 110,683 위","손절 (110,800)"
2026-03-12 15:00,2026-03-13 09:01,0009K0,에임드바이오,종가베팅,9,71000,68200,-26614,-4.165,-1.41,"종가베팅: 등락 +8.2%, 고저범위 90% 위치, VWAP 69,186 위","손절 (68,900)"
2026-03-13 09:05,2026-03-13 09:05,046120,오르비텍,ORB,143,8810,8810,-2895,-0.230,-0.16,"ORB5 고가 8,800 돌파 (범위 8.5%)","본절 (8,840)"
2026-03-13 09:05,2026-03-13 09:05,025860,남해화학,ORB,125,10340,10675.92,38930,3.012,2.08,"ORB5 고가 10,300 돌파 (범위 6.2%)",목표 익절 +4.0%
2026-03-13 09:06,2026-03-13 09:07,475150,SK이터닉스,ORB,30,40450,41775,36875,3.039,2.05,"ORB5 고가 40,400 돌파 (범위 3.6%)",목표 익절 +4.0%
2026-03-13 09:08,2026-03-13 09:10,005860,한일사료,ORB,286,4550,4632.5,20555,1.580,1.11,"ORB5 고가 4,545 돌파 (범위 9.9%)","트레일링 (4,605)"
2026-03-13 15:00,2026-03-16 09:10,226950,올릭스,종가베팅,3,196700,190700,-19317,-3.274,-1.09,"종가베팅: 등락 +8.6%, 고저범위 83% 위치, VWAP 192,027 위","손절 (190,800)"
2026-03-16 09:34,2026-03-16 09:34,008350,남선알미늄,ORB,743,1756,1726.00,-25241,-1.935,-1.31,"ORB5 고가 1,754 돌파 (범위 10.0%)","손절 (1,730)"
2026-03-13 15:00,2026-03-16 10:00,050890,쏠리드,종가베팅,51,12930,12720,-12202,-1.850,-0.63,"종가베팅: 등락 +4.2%, 고저범위 92% 위치, VWAP 12,521 위",익일 청산 시각 10:00
2026-03-17 09:05,2026-03-17 09:08,027360,아주IB투자,ORB,181,6920,7135.36,36018,2.876,1.99,"ORB5 고가 6,870 돌파 (범위 6.7%)",목표 익절 +4.0%
2026-03-17 09:05,2026-03-17 09:08,322000,HD현대에너지솔루션,ORB,10,131800,132600,4953,0.376,0.26,"ORB5 고가 131,600 돌파 (범위 9.8%)","트레일링 (132,600)"
2026-03-17 09:13,2026-03-17 09:17,047040,대우건설,ORB,105,12600,12799.52,17864,1.350,0.95,"ORB5 고가 12,580 돌파 (범위 4.6%)","트레일링 (12,750)"
2026-03-17 09:21,2026-03-17 09:23,006910,보성파워텍,ORB,100,12720,12895.00,14538,1.143,0.77,"ORB5 고가 12,680 돌파 (범위 2.7%)","트레일링 (12,820)"
2026-03-17 15:00,2026-03-18 09:01,009150,삼성전기,종가베팅,1,450500,456000,4453,0.988,0.33,"종가베팅: 등락 +8.3%, 고저범위 89% 위치, VWAP 437,256 위","트레일링 (457,000)"
2026-03-17 15:00,2026-03-18 09:02,475150,SK이터닉스,종가베팅,16,41250,42825.0,23631,3.580,1.23,"종가베팅: 등락 +7.2%, 고저범위 83% 위치, VWAP 40,296 위","트레일링 (42,600)"
2026-03-18 09:05,2026-03-18 09:10,403870,HPSP,ORB,26,46750,48250,36122,2.972,1.98,"ORB5 고가 46,650 돌파 (범위 3.7%)",목표 익절 +4.0%
2026-03-18 09:06,2026-03-18 09:11,445680,큐리옥스바이오시스템즈,ORB,10,126200,128500,20050,1.589,1.11,"ORB5 고가 125,700 돌파 (범위 4.5%)","트레일링 (128,400)"
2026-03-18 15:00,2026-03-19 09:01,055550,신한지주,종가베팅,6,95400,92600.0,-18079,-3.158,-1.08,"종가베팅: 등락 +4.3%, 고저범위 97% 위치, VWAP 94,122 위","손절 (92,600)"
2026-03-19 09:05,2026-03-19 09:08,140410,메지온,ORB,15,86200,88853.33,36743,2.842,2.04,"ORB5 고가 86,000 돌파 (범위 7.1%)",목표 익절 +4.0%
2026-03-19 09:10,2026-03-19 09:12,033160,엠케이전자,ORB,84,15750,16000.0,17914,1.354,0.93,"ORB5 고가 15,700 돌파 (범위 6.4%)","트레일링 (15,960)"
2026-03-18 15:00,2026-03-19 10:00,010120,LS ELECTRIC,종가베팅,4,166400,166900,466,0.070,0.02,"종가베팅: 등락 +7.9%, 고저범위 87% 위치, VWAP 163,536 위",익일 청산 시각 10:00
2026-03-19 15:00,2026-03-20 09:01,010170,대한광통신,종가베팅,92,7290,7770,42524,6.340,2.20,"종가베팅: 등락 +3.7%, 고저범위 78% 위치, VWAP 7,234 위",목표 익절 +5%
2026-03-19 15:00,2026-03-20 09:04,356860,티엘비,종가베팅,17,38049,36857,-21707,-3.356,-1.11,"종가베팅: 등락 +6.7%, 고저범위 90% 위치, VWAP 36,521 위","손절 (36,900)"
2026-03-20 09:05,2026-03-20 09:08,036930,주성엔지니어링,ORB,18,69800,69900.0,-1092,-0.087,-0.06,"ORB5 고가 69,700 돌파 (범위 3.7%)","본절 (70,000)"
2026-03-20 09:08,2026-03-20 09:09,047040,대우건설,ORB,75,17510,17748.27,14813,1.128,0.76,"ORB5 고가 17,430 돌파 (범위 3.5%)","트레일링 (17,670)"
2026-03-20 09:53,2026-03-20 10:01,047050,포스코인터내셔널,ORB,17,78100,78400,2037,0.153,0.11,"ORB5 고가 78,000 돌파 (범위 5.0%)","트레일링 (78,400)"
2026-03-20 15:09,2026-03-23 09:01,178320,서진시스템,종가베팅,13,48600,46500,-28693,-4.541,-1.52,"종가베팅: 등락 +7.0%, 고저범위 78% 위치, VWAP 47,708 위","손절 (47,150)"
2026-03-20 15:00,2026-03-23 09:01,047040,대우건설,종가베팅,35,18800,19730,30970,4.707,1.58,"종가베팅: 등락 +16.3%, 고저범위 76% 위치, VWAP 18,428 위",목표 익절 +5%
2026-03-23 09:21,2026-03-23 09:24,322000,HD현대에너지솔루션,ORB,9,141100,143544.44,19035,1.499,1.01,"ORB5 고가 140,500 돌파 (범위 4.5%)","트레일링 (143,600)"
2026-03-24 09:05,2026-03-24 09:08,047040,대우건설,ORB,70,19100,18820,-22631,-1.693,-1.15,"ORB5 고가 19,060 돌파 (범위 5.0%)","손절 (18,820)"
2026-03-24 09:07,2026-03-24 09:08,036930,주성엔지니어링,ORB,17,77100,77300,379,0.029,0.02,"ORB5 고가 77,000 돌파 (범위 3.5%)","트레일링 (77,400)"
2026-03-24 09:15,2026-03-24 09:19,001510,SK증권,ORB,256,5150,5245,21239,1.611,1.19,"ORB5 고가 5,146 돌파 (범위 3.6%)","트레일링 (5,240)"
2026-03-25 09:05,2026-03-25 09:09,263750,펄어비스,ORB,29,46500,47474.14,25091,1.861,1.33,"ORB5 고가 46,400 돌파 (범위 4.4%)","트레일링 (47,550)"
2026-03-25 09:14,2026-03-25 09:16,348370,엔켐,ORB,37,35000,35100.0,715,0.055,0.04,"ORB5 고가 34,950 돌파 (범위 6.4%)","본절 (35,100)"
2026-03-25 09:23,2026-03-25 09:29,489790,한화비전,ORB,14,93000,94200,13772,1.058,0.76,"ORB5 고가 92,900 돌파 (범위 6.3%)","트레일링 (93,800)"
2026-03-24 15:00,2026-03-25 09:54,272210,한화시스템,종가베팅,5,127500,129400,8014,1.257,0.42,"종가베팅: 등락 +6.3%, 고저범위 93% 위치, VWAP 125,034 위","트레일링 (129,000)"
2026-03-25 15:00,2026-03-26 09:04,218410,RFHIC,종가베팅,7,87700,85100,-19572,-3.188,-1.08,"종가베팅: 등락 +14.5%, 고저범위 80% 위치, VWAP 86,251 위","손절 (85,100)"
2026-03-26 09:05,2026-03-26 09:08,038110,에코플라스틱,ORB,343,3855,3975.13,38079,2.880,2.02,"ORB5 고가 3,850 돌파 (범위 7.2%)",목표 익절 +4.0%
2026-03-26 09:06,2026-03-26 09:10,322000,HD현대에너지솔루션,ORB,9,138300,136200,-21720,-1.745,-1.21,"ORB5 고가 137,800 돌파 (범위 8.1%)","손절 (136,300)"
2026-03-26 15:00,2026-03-27 09:01,348370,엔켐,종가베팅,14,45550,42200,-48264,-7.568,-2.55,"종가베팅: 등락 +17.1%, 고저범위 82% 위치, VWAP 44,188 위","손절 (44,200)"
2026-03-26 15:01,2026-03-27 09:01,078600,대주전자재료,종가베팅,5,133800,129400,-23491,-3.511,-1.17,"종가베팅: 등락 +4.7%, 고저범위 75% 위치, VWAP 131,991 위","손절 (129,800)"
2026-03-27 09:05,2026-03-27 09:06,014160,대영포장,ORB,856,1559,1570,6328,0.474,0.32,"ORB5 고가 1,550 돌파 (범위 5.2%)","트레일링 (1,570)"
2026-03-27 09:07,2026-03-27 09:08,038110,에코플라스틱,ORB,274,4710,4730.00,2501,0.194,0.13,"ORB5 고가 4,685 돌파 (범위 8.1%)","트레일링 (4,740)"
2026-03-27 15:00,2026-03-30 09:01,006400,삼성SDI,종가베팅,1,404000,388500,-16395,-4.058,-1.37,"종가베팅: 등락 +3.1%, 고저범위 85% 위치, VWAP 393,582 위","손절 (392,000)"
2026-03-27 15:00,2026-03-30 09:01,006800,미래에셋증권,종가베팅,9,66600,63000,-33708,-5.624,-1.87,"종가베팅: 등락 +3.1%, 고저범위 88% 위치, VWAP 64,975 위","손절 (64,600)"
2026-03-30 09:06,2026-03-30 09:09,161000,애경케미칼,ORB,102,13220,13630,38630,2.865,1.99,"ORB5 고가 13,200 돌파 (범위 3.9%)",목표 익절 +4.0%
2026-03-30 09:28,2026-03-30 09:28,289080,SV인베스트먼트,ORB,272,4980,4900,-24827,-1.833,-1.30,"ORB5 고가 4,960 돌파 (범위 5.2%)","손절 (4,910)"
2026-03-30 15:03,2026-03-31 09:01,375500,DL이앤씨,종가베팅,9,69000,71688.89,22722,3.659,1.26,"종가베팅: 등락 +4.9%, 고저범위 86% 위치, VWAP 65,621 위","트레일링 (71,300)"
2026-03-31 09:17,2026-03-31 09:18,425040,티이엠씨,ORB,92,14050,13810,-25004,-1.934,-1.29,"ORB5 고가 14,040 돌파 (범위 6.4%)","손절 (13,840)"
2026-04-01 09:05,2026-04-01 09:08,047040,대우건설,ORB,75,17480,17854.93,25047,1.911,1.28,"ORB5 고가 17,440 돌파 (범위 3.6%)","트레일링 (17,870)"
2026-04-01 09:07,2026-04-01 09:10,046970,우리로,ORB,145,9090,9460,50505,3.832,2.68,"ORB5 고가 9,060 돌파 (범위 8.5%)",목표 익절 +4.0%
2026-04-01 09:16,2026-04-01 09:19,001510,SK증권,ORB,313,4075,4015,-21672,-1.699,-1.15,"ORB5 고가 4,065 돌파 (범위 4.1%)","손절 (4,015)"
2026-04-02 09:05,2026-04-02 09:05,010170,대한광통신,ORB,128,10620,10440,-26115,-1.921,-1.36,"ORB5 고가 10,600 돌파 (범위 7.0%)","손절 (10,470)"
2026-04-02 09:05,2026-04-02 09:09,066970,엘앤에프,ORB,8,159600,161850,15028,1.177,0.82,"ORB5 고가 159,500 돌파 (범위 7.6%)","트레일링 (161,000)"
2026-04-02 09:06,2026-04-02 09:18,064350,현대로템,ORB,6,200000,204000.00,21189,1.766,1.36,"ORB5 고가 199,900 돌파 (범위 3.1%)","트레일링 (204,500)"
2026-04-01 15:03,2026-04-02 09:40,373220,LG에너지솔루션,종가베팅,1,409000,415000.0,5047,1.234,0.42,"종가베팅: 등락 +3.4%, 고저범위 94% 위치, VWAP 401,579 위","트레일링 (415,000)"
2026-04-03 09:05,2026-04-03 09:06,050890,쏠리드,ORB,82,16420,16690,18999,1.411,0.97,"ORB5 고가 16,400 돌파 (범위 5.9%)","트레일링 (16,660)"
2026-04-03 09:05,2026-04-03 09:10,028050,삼성E&A,ORB,34,38075,38675,17381,1.343,0.89,"ORB5 고가 38,000 돌파 (범위 4.0%)","트레일링 (38,550)"
2026-04-02 15:04,2026-04-03 09:22,047050,포스코인터내셔널,종가베팅,8,79600,80900,8917,1.400,0.48,"종가베팅: 등락 +4.5%, 고저범위 78% 위치, VWAP 78,314 위","트레일링 (80,700)"
2026-04-03 10:07,2026-04-03 10:42,066970,엘앤에프,ORB,7,167600,165100,-20159,-1.718,-1.15,"ORB5 고가 167,500 돌파 (범위 3.3%)","손절 (165,100)"
2026-04-06 09:05,2026-04-06 09:05,028050,삼성E&A,ORB,29,45400,44700,-23283,-1.768,-1.24,"ORB5 고가 45,350 돌파 (범위 6.6%)","손절 (44,750)"
2026-04-06 09:09,2026-04-06 09:10,010170,대한광통신,ORB,93,14060,13820,-25278,-1.933,-1.29,"ORB5 고가 14,000 돌파 (범위 9.4%)","손절 (13,850)"
2026-04-03 15:00,2026-04-06 09:37,005930,삼성전자,종가베팅,3,186700,190666.67,10588,1.890,0.63,"종가베팅: 등락 +6.3%, 고저범위 89% 위치, VWAP 185,341 위","트레일링 (190,600)"
2026-04-03 15:00,2026-04-06 10:00,034020,두산에너빌리티,종가베팅,6,97300,97700,1054,0.181,0.06,"종가베팅: 등락 +4.9%, 고저범위 90% 위치, VWAP 96,505 위",익일 청산 시각 10:00
2026-04-06 15:00,2026-04-07 09:01,005810,풍산홀딩스,종가베팅,14,47250,54100,94174,14.236,4.80,"종가베팅: 등락 +11.7%, 고저범위 100% 위치, VWAP 46,464 위",목표 익절 +5%
2026-04-07 09:05,2026-04-07 09:08,079550,LIG디펜스앤에어로스페이스,ORB,1,838000,854000,14039,1.675,1.17,"ORB5 고가 837,000 돌파 (범위 5.5%)","트레일링 (854,000)"
2026-04-06 15:00,2026-04-07 09:20,096770,SK이노베이션,종가베팅,5,121900,126560,21851,3.585,1.21,"종가베팅: 등락 +3.3%, 고저범위 84% 위치, VWAP 120,767 위",목표 익절 +5%
2026-04-07 15:04,2026-04-08 09:02,0007C0,아크릴,종가베팅,17,37900.0,39023.53,17580,2.729,0.94,"종가베팅: 등락 +20.0%, 고저범위 76% 위치, VWAP 37,686 위","트레일링 (39,050)"
2026-04-08 09:05,2026-04-08 09:06,047040,대우건설,ORB,69,19480,19140.00,-26500,-1.972,-1.32,"ORB5 고가 19,470 돌파 (범위 4.1%)","손절 (19,190)"
2026-04-08 09:14,2026-04-08 09:32,009150,삼성전기,ORB,2,500000,492500,-17267,-1.727,-1.23,"ORB5 고가 499,500 돌파 (범위 3.1%)","손절 (493,000)"
2026-04-08 15:00,2026-04-09 09:01,007660,이수페타시스,종가베팅,5,119900,116200,-19838,-3.309,-1.13,"종가베팅: 등락 +15.1%, 고저범위 100% 위치, VWAP 116,904 위","손절 (116,400)"
2026-04-09 09:06,2026-04-09 09:06,065440,이루온,ORB,295,4635,4565,-23750,-1.737,-1.24,"ORB5 고가 4,610 돌파 (범위 8.6%)","손절 (4,570)"
2026-04-08 15:00,2026-04-09 10:00,000270,기아,종가베팅,4,159700,161750,6717,1.052,0.36,"종가베팅: 등락 +6.3%, 고저범위 91% 위치, VWAP 157,939 위",익일 청산 시각 10:00
2026-04-10 09:07,2026-04-10 09:11,010170,대한광통신,ORB,86,15360,15685,24853,1.881,1.26,"ORB5 고가 15,300 돌파 (범위 5.6%)","트레일링 (15,720)"
2026-04-10 09:11,2026-04-10 09:13,038500,삼표시멘트,ORB,73,18380,18689.18,19437,1.449,0.99,"ORB5 고가 18,320 돌파 (범위 3.4%)","트레일링 (18,640)"
2026-04-09 15:00,2026-04-10 09:34,047810,한국항공우주,종가베팅,3,199400,202333.33,7408,1.238,0.42,"종가베팅: 등락 +4.6%, 고저범위 95% 위치, VWAP 193,657 위","트레일링 (202,000)"
2026-04-09 15:01,2026-04-10 09:35,010950,S-Oil,종가베팅,5,118800,120760,8415,1.417,0.48,"종가베팅: 등락 +5.7%, 고저범위 87% 위치, VWAP 117,348 위","트레일링 (120,400)"
2026-04-10 15:00,2026-04-13 09:01,062040,산일전기,종가베팅,4,155000,150400.0,-19786,-3.191,-1.08,"종가베팅: 등락 +7.9%, 고저범위 76% 위치, VWAP 153,360 위","손절 (150,400)"
2026-04-13 09:05,2026-04-13 09:05,010120,LS ELECTRIC,ORB,7,184500,190785.71,40937,3.170,2.17,"ORB5 고가 183,000 돌파 (범위 6.9%)",목표 익절 +4.0%
2026-04-10 15:00,2026-04-13 09:10,278470,에이피알,종가베팅,1,392750,398000,4337,1.104,0.37,"종가베팅: 등락 +8.5%, 고저범위 85% 위치, VWAP 387,967 위","트레일링 (398,000)"
2026-04-13 15:00,2026-04-14 09:01,010820,퍼스텍,종가베팅,57,11850,11490,-22028,-3.261,-1.10,"종가베팅: 등락 +4.0%, 고저범위 93% 위치, VWAP 11,581 위","손절 (11,500)"
2026-04-13 15:00,2026-04-14 09:01,083450,GST,종가베팅,18,36100,38650,44308,6.819,2.34,"종가베팅: 등락 +13.5%, 고저범위 93% 위치, VWAP 35,248 위",목표 익절 +5%
2026-04-14 09:07,2026-04-14 09:11,336260,두산퓨얼셀,ORB,32,40800,40150,-23756,-1.820,-1.24,"ORB5 고가 40,750 돌파 (범위 5.8%)","손절 (40,200)"
2026-04-15 09:06,2026-04-15 09:08,027360,아주IB투자,ORB,109,12210,12000,-25901,-1.946,-1.32,"ORB5 고가 12,200 돌파 (범위 6.7%)","손절 (12,030)"
2026-04-15 09:12,2026-04-15 09:14,050890,쏠리드,ORB,77,17940,18269.09,22112,1.601,1.10,"ORB5 고가 17,930 돌파 (범위 4.2%)","트레일링 (18,230)"
2026-04-14 15:09,2026-04-15 09:29,336260,두산퓨얼셀,종가베팅,15,43300,44003.33,9037,1.391,0.46,"종가베팅: 등락 +17.0%, 고저범위 78% 위치, VWAP 42,836 위","트레일링 (43,700)"
2026-04-15 09:29,2026-04-15 09:40,018260,삼성에스디에스,ORB,8,172800,176450.00,25961,1.878,1.30,"ORB5 고가 172,600 돌파 (범위 6.2%)","트레일링 (176,500)"
2026-04-16 09:10,2026-04-16 09:13,158430,아톤,ORB,130,10410,10650,28023,2.071,1.44,"ORB5 고가 10,380 돌파 (범위 5.5%)","트레일링 (10,670)"
2026-04-16 09:11,2026-04-16 09:31,034020,두산에너빌리티,ORB,7,109100,109900,3833,0.502,0.20,"ORB5 고가 109,000 돌파 (범위 2.3%)",타임스탑 20분
2026-04-15 15:02,2026-04-16 10:00,078600,대주전자재료,종가베팅,5,134600,135020,549,0.082,0.03,"종가베팅: 등락 +14.5%, 고저범위 87% 위치, VWAP 131,352 위",익일 청산 시각 10:00
2026-04-15 15:03,2026-04-16 10:00,278470,에이피알,종가베팅,1,412000,405500,-7432,-1.804,-0.62,"종가베팅: 등락 +6.0%, 고저범위 94% 위치, VWAP 403,325 위",익일 청산 시각 10:00
2026-04-16 15:00,2026-04-17 09:01,011790,SKC,종가베팅,5,119700.0,116200,-18838,-3.148,-1.08,"종가베팅: 등락 +20.0%, 고저범위 89% 위치, VWAP 116,179 위","손절 (116,200)"
2026-04-16 15:00,2026-04-17 09:01,042660,한화오션,종가베팅,5,131600,127400,-22467,-3.414,-1.15,"종가베팅: 등락 +4.4%, 고저범위 90% 위치, VWAP 130,126 위","손절 (127,700)"
2026-04-17 09:05,2026-04-17 09:08,005490,POSCO홀딩스,ORB,2,384000,376000.00,-17731,-2.309,-1.11,"ORB5 고가 383,500 돌파 (범위 1.9%)","손절 (376,000)"
2026-04-17 15:00,2026-04-20 09:02,066970,엘앤에프,종가베팅,3,185700,179300,-20438,-3.669,-1.24,"종가베팅: 등락 +9.4%, 고저범위 98% 위치, VWAP 180,900 위","손절 (180,200)"
2026-04-20 09:05,2026-04-20 09:09,001440,대한전선,ORB,31,40850,42087.10,35358,2.792,1.90,"ORB5 고가 40,800 돌파 (범위 3.9%)",목표 익절 +4.0%
2026-04-17 15:00,2026-04-20 10:00,005490,POSCO홀딩스,종가베팅,1,386500,389500,2106,0.545,0.18,"종가베팅: 등락 +4.2%, 고저범위 100% 위치, VWAP 382,427 위",익일 청산 시각 10:00
2026-04-20 15:00,2026-04-21 09:02,000990,DB하이텍,종가베팅,5,125700,121700.00,-21402,-3.405,-1.16,"종가베팅: 등락 +17.7%, 고저범위 87% 위치, VWAP 121,973 위","손절 (122,000)"
2026-04-20 15:04,2026-04-21 09:04,007660,이수페타시스,종가베팅,5,133150,129000,-22235,-3.340,-1.13,"종가베팅: 등락 +10.0%, 고저범위 76% 위치, VWAP 132,200 위","손절 (129,200)"
2026-04-21 09:05,2026-04-21 09:06,036930,주성엔지니어링,ORB,13,102500,104092.31,17594,1.320,0.90,"ORB5 고가 102,400 돌파 (범위 9.6%)","트레일링 (103,700)"
2026-04-21 09:07,2026-04-21 09:12,006360,GS건설,ORB,32,40150,40850.00,19399,1.510,1.01,"ORB5 고가 40,100 돌파 (범위 2.8%)","트레일링 (40,750)"
2026-04-21 15:00,2026-04-22 09:01,373220,LG에너지솔루션,종가베팅,1,473500,485500,10886,2.299,0.78,"종가베팅: 등락 +9.6%, 고저범위 94% 위치, VWAP 465,149 위","트레일링 (485,500)"
2026-04-22 09:05,2026-04-22 09:06,222080,SFA넥셀,ORB,77,17870,17540,-28519,-2.073,-1.42,"ORB5 고가 17,840 돌파 (범위 5.9%)","손절 (17,610)"
2026-04-22 09:11,2026-04-22 09:18,007660,이수페타시스,ORB,9,139800,142344.44,19960,1.586,1.11,"ORB5 고가 139,700 돌파 (범위 3.7%)","트레일링 (142,100)"
2026-04-21 15:00,2026-04-22 10:00,086520,에코프로,종가베팅,4,163100,163800,1297,0.199,0.07,"종가베팅: 등락 +4.2%, 고저범위 78% 위치, VWAP 161,206 위",익일 청산 시각 10:00
2026-04-23 09:05,2026-04-23 09:05,006910,보성파워텍,ORB,122,11250,11080.0,-23850,-1.738,-1.22,"ORB5 고가 11,240 돌파 (범위 7.6%)","손절 (11,090)"
2026-04-23 09:09,2026-04-23 09:11,006340,대원전선,ORB,173,7440,7564.74,18576,1.443,0.98,"ORB5 고가 7,350 돌파 (범위 9.4%)","트레일링 (7,520)"
2026-04-23 09:07,2026-04-23 09:11,336370,솔루스첨단소재,ORB,86,15680,15390.00,-27987,-2.075,-1.41,"ORB5 고가 15,660 돌파 (범위 8.5%)","손절 (15,450)"
2026-04-22 15:00,2026-04-23 09:36,082740,한화엔진,종가베팅,9,67500,65500,-19358,-3.187,-1.08,"종가베팅: 등락 +13.1%, 고저범위 89% 위치, VWAP 64,310 위","손절 (65,500)"
2026-04-22 15:00,2026-04-23 10:00,066570,LG전자,종가베팅,5,132900,133680,2367,0.356,0.12,"종가베팅: 등락 +4.2%, 고저범위 87% 위치, VWAP 131,084 위",익일 청산 시각 10:00
2026-04-24 09:05,2026-04-24 09:05,098460,고영,ORB,34,37100,36550.0,-21560,-1.709,-1.15,"ORB5 고가 37,000 돌파 (범위 7.4%)","손절 (36,550)"
2026-04-24 09:08,2026-04-24 09:08,010060,OCI홀딩스,ORB,3,349000,343000.00,-20369,-1.945,-1.36,"ORB5 고가 347,500 돌파 (범위 8.3%)","손절 (344,000)"
2026-04-23 15:11,2026-04-24 10:00,034020,두산에너빌리티,종가베팅,5,122500,125200,12065,1.970,0.67,"종가베팅: 등락 +5.8%, 고저범위 76% 위치, VWAP 121,546 위",익일 청산 시각 10:00
2026-04-24 15:00,2026-04-27 09:01,000250,삼천당제약,종가베팅,1,410000,414500,3548,0.865,0.30,"종가베팅: 등락 +8.3%, 고저범위 81% 위치, VWAP 400,981 위","트레일링 (415,000)"
2026-04-27 09:06,2026-04-27 09:06,046890,서울반도체,ORB,98,13550,13835,24819,1.869,1.27,"ORB5 고가 13,480 돌파 (범위 3.2%)","트레일링 (13,820)"
2026-04-27 09:08,2026-04-27 09:09,098460,고영,ORB,29,44450,43600,-27560,-2.138,-1.46,"ORB5 고가 44,350 돌파 (범위 6.5%)","손절 (43,800)"
2026-04-24 15:00,2026-04-27 09:11,373220,LG에너지솔루션,종가베팅,1,482000,468000,-15078,-3.128,-1.08,"종가베팅: 등락 +3.7%, 고저범위 82% 위치, VWAP 475,001 위","손절 (468,000)"
2026-04-27 15:00,2026-04-28 09:02,108490,로보티즈,종가베팅,1,347000,336000.00,-11774,-3.393,-1.18,"종가베팅: 등락 +19.2%, 고저범위 77% 위치, VWAP 339,120 위","손절 (337,000)"
2026-04-28 09:06,2026-04-28 09:08,066570,LG전자,ORB,8,147300,145000,-21070,-1.788,-1.20,"ORB5 고가 146,700 돌파 (범위 4.3%)","손절 (145,100)"
2026-04-28 09:06,2026-04-28 09:15,005490,POSCO홀딩스,ORB,2,467500,460500,-16120,-1.724,-1.15,"ORB5 고가 467,000 돌파 (범위 6.0%)","손절 (460,500)"
2026-04-28 09:18,2026-04-28 09:25,009830,한화솔루션,ORB,25,50700,49900,-22872,-1.804,-1.31,"ORB5 고가 50,650 돌파 (범위 4.5%)","손절 (50,000)"
2026-04-27 15:00,2026-04-28 10:00,460860,동국제강,종가베팅,45,14870,15052.44,6655,0.995,0.34,"종가베팅: 등락 +17.9%, 고저범위 89% 위치, VWAP 14,167 위",익일 청산 시각 10:00
2026-04-28 15:05,2026-04-29 09:03,027360,아주IB투자,종가베팅,36,18650,15030,-131583,-19.598,-6.65,"종가베팅: 등락 +3.8%, 고저범위 84% 위치, VWAP 18,053 위","손절 (18,100)"
2026-04-29 09:05,2026-04-29 09:07,460860,동국제강,ORB,75,17650,17350,-25495,-1.926,-1.31,"ORB5 고가 17,610 돌파 (범위 2.9%)","손절 (17,390)"
2026-04-29 09:05,2026-04-29 09:07,126340,비나텍,ORB,8,158100,155600.0,-22864,-1.808,-1.24,"ORB5 고가 158,000 돌파 (범위 5.0%)","손절 (155,800)"
2026-04-29 09:05,2026-04-29 09:11,096770,SK이노베이션,ORB,9,141800,139700.0,-21793,-1.708,-1.15,"ORB5 고가 141,700 돌파 (범위 5.2%)","손절 (139,700)"
2026-04-30 09:05,2026-04-30 09:15,066570,LG전자,ORB,8,146600,147500,4488,0.383,0.26,"ORB5 고가 146,500 돌파 (범위 4.9%)","트레일링 (147,600)"
2026-04-30 09:09,2026-04-30 09:18,007660,이수페타시스,ORB,8,155600,153300,-21221,-1.705,-1.15,"ORB5 고가 155,400 돌파 (범위 3.3%)","손절 (153,300)"
2026-04-30 15:07,2026-05-04 09:01,025860,남해화학,종가베팅,59,11240,11805.93,31796,4.795,1.63,"종가베팅: 등락 +19.1%, 고저범위 75% 위치, VWAP 10,943 위",목표 익절 +5%
2026-05-04 09:05,2026-05-04 09:06,199820,제일일렉트릭,ORB,67,19630,19330,-23081,-1.755,-1.19,"ORB5 고가 19,620 돌파 (범위 5.9%)","손절 (19,340)"
2026-05-04 09:05,2026-05-04 09:06,025860,남해화학,ORB,100,12720,12460.0,-28868,-2.269,-1.52,"ORB5 고가 12,680 돌파 (범위 7.8%)","손절 (12,530)"
2026-05-04 09:05,2026-05-04 09:08,050890,쏠리드,ORB,69,18700,18680,-4343,-0.337,-0.22,"ORB5 고가 18,660 돌파 (범위 6.3%)","본절 (18,750)"
2026-05-04 09:07,2026-05-04 09:08,006340,대원전선,ORB,77,17060,17414.94,24254,1.846,1.26,"ORB5 고가 17,000 돌파 (범위 7.3%)","트레일링 (17,450)"
2026-05-04 09:23,2026-05-04 09:40,402340,SK스퀘어,ORB,1,932000,944000,9832,1.055,0.76,"ORB5 고가 930,000 돌파 (범위 3.3%)","트레일링 (944,000)"
2026-05-04 15:00,2026-05-06 09:01,010170,대한광통신,종가베팅,37,17930,18691.08,26577,4.006,1.36,"종가베팅: 등락 +18.3%, 고저범위 90% 위치, VWAP 17,300 위",목표 익절 +5%
2026-05-04 15:04,2026-05-06 09:02,051910,LG화학,종가베팅,1,431000,418000,-13962,-3.239,-1.12,"종가베팅: 등락 +8.3%, 고저범위 85% 위치, VWAP 424,423 위","손절 (418,500)"
2026-05-06 09:06,2026-05-06 09:07,028260,삼성물산,ORB,3,351500,345500,-20386,-1.933,-1.36,"ORB5 고가 350,500 돌파 (범위 4.8%)","손절 (346,500)"
2026-05-06 15:10,2026-05-07 09:02,006910,보성파워텍,종가베팅,41,15990,16602.20,23541,3.591,1.22,"종가베팅: 등락 +11.4%, 고저범위 85% 위치, VWAP 15,502 위",목표 익절 +5%
2026-05-07 09:05,2026-05-07 09:06,034020,두산에너빌리티,ORB,9,138900,136700,-22631,-1.810,-1.26,"ORB5 고가 138,600 돌파 (범위 6.4%)","손절 (136,900)"
2026-05-06 15:00,2026-05-07 10:00,086520,에코프로,종가베팅,4,162000,162450,309,0.048,0.02,"종가베팅: 등락 +4.4%, 고저범위 100% 위치, VWAP 158,874 위",익일 청산 시각 10:00
2026-05-07 15:00,2026-05-08 09:02,028260,삼성물산,종가베팅,1,398500,402000.00,2577,0.647,0.22,"종가베팅: 등락 +3.6%, 고저범위 95% 위치, VWAP 382,886 위","트레일링 (402,500)"
2026-05-08 09:05,2026-05-08 09:06,459510,나우로보틱스,ORB,36,36400,36500.00,579,0.044,0.03,"ORB5 고가 36,300 돌파 (범위 4.6%)","트레일링 (36,550)"
2026-05-07 15:00,2026-05-08 09:06,010140,삼성중공업,종가베팅,19,33450,32450,-20420,-3.213,-1.07,"종가베팅: 등락 +3.4%, 고저범위 94% 위치, VWAP 32,792 위","손절 (32,450)"
2026-05-08 09:05,2026-05-08 09:09,125490,한라캐스트,ORB,41,17680,18229.02,20797,2.869,1.08,"ORB5 고가 17,670 돌파 (범위 2.6%)",목표 익절 +4.0%
2026-05-08 09:11,2026-05-08 09:16,001440,대한전선,ORB,18,69000,70400,22290,1.795,1.24,"ORB5 고가 68,900 돌파 (범위 9.9%)","트레일링 (70,400)"
2026-05-08 15:00,2026-05-11 09:01,028260,삼성물산,종가베팅,1,419000,481000,60904,14.536,4.87,"종가베팅: 등락 +5.0%, 고저범위 97% 위치, VWAP 408,443 위",목표 익절 +5%
2026-05-08 15:00,2026-05-11 09:02,336260,두산퓨얼셀,종가베팅,7,86400,89685.71,21563,3.565,1.23,"종가베팅: 등락 +15.1%, 고저범위 86% 위치, VWAP 82,436 위",목표 익절 +5%
2026-05-11 09:06,2026-05-11 09:08,042660,한화오션,ORB,9,135800,133800,-20771,-1.699,-1.15,"ORB5 고가 135,700 돌파 (범위 3.9%)","손절 (133,800)"
2026-05-11 09:07,2026-05-11 09:08,036930,주성엔지니어링,ORB,8,153000,157950,36704,2.999,2.09,"ORB5 고가 152,800 돌파 (범위 6.0%)",목표 익절 +4.0%
2026-05-12 09:09,2026-05-12 09:17,066570,LG전자,ORB,7,171200,175000.00,23789,1.985,1.36,"ORB5 고가 171,000 돌파 (범위 6.6%)","트레일링 (175,800)"
2026-05-12 09:24,2026-05-12 09:42,017670,SK텔레콤,ORB,12,105100,106600,15063,1.194,0.84,"ORB5 고가 105,000 돌파 (범위 4.6%)","트레일링 (106,200)"
2026-05-13 09:06,2026-05-13 09:07,034220,LG디스플레이,ORB,97,13780,13530,-27270,-2.040,-1.41,"ORB5 고가 13,750 돌파 (범위 6.7%)","손절 (13,580)"
2026-05-14 09:07,2026-05-14 09:11,034220,LG디스플레이,ORB,88,14880,15095,15869,1.212,0.82,"ORB5 고가 14,850 돌파 (범위 4.9%)","트레일링 (15,010)"
2026-05-13 15:00,2026-05-14 10:00,000990,DB하이텍,종가베팅,3,183200,184866.67,3728,0.678,0.23,"종가베팅: 등락 +10.6%, 고저범위 99% 위치, VWAP 175,480 위",익일 청산 시각 10:00
2026-05-14 15:00,2026-05-15 09:01,034220,LG디스플레이,종가베팅,43,15350,16017.67,27133,4.111,1.37,"종가베팅: 등락 +8.3%, 고저범위 79% 위치, VWAP 15,131 위",목표 익절 +5%
2026-05-15 09:05,2026-05-15 09:05,064400,LG씨엔에스,ORB,13,99100,97600,-22420,-1.740,-1.23,"ORB5 고가 99,000 돌파 (범위 7.7%)","손절 (97,700)"
2026-05-15 09:05,2026-05-15 09:06,090360,로보스타,ORB,13,95300,93700,-23603,-1.905,-1.30,"ORB5 고가 95,200 돌파 (범위 9.2%)","손절 (93,900)"
2026-05-14 15:00,2026-05-15 10:00,047810,한국항공우주,종가베팅,3,170400,170066.67,-2172,-0.425,-0.14,"종가베팅: 등락 +4.1%, 고저범위 75% 위치, VWAP 166,212 위",익일 청산 시각 10:00
2026-05-18 09:07,2026-05-18 09:08,036930,주성엔지니어링,ORB,8,162000,164550.0,17377,1.341,0.91,"ORB5 고가 161,400 돌파 (범위 7.5%)","트레일링 (163,900)"
2026-05-18 09:23,2026-05-18 09:25,001740,SK네트웍스,ORB,135,9420,9380,-8311,-0.654,-0.44,"ORB5 고가 9,400 돌파 (범위 9.4%)","본절 (9,450)"
2026-05-18 15:00,2026-05-19 09:01,347700,스피어,종가베팅,14,47300,49050.0,22928,3.462,1.17,"종가베팅: 등락 +12.5%, 고저범위 93% 위치, VWAP 45,367 위","트레일링 (48,850)"
2026-05-19 09:05,2026-05-19 09:06,036930,주성엔지니어링,ORB,6,199300,196300,-20710,-1.732,-1.19,"ORB5 고가 198,700 돌파 (범위 7.3%)","손절 (196,400)"
2026-05-19 09:05,2026-05-19 09:07,440110,파두,ORB,12,104200,102700.00,-20835,-1.666,-1.16,"ORB5 고가 104,000 돌파 (범위 5.3%)","손절 (102,700)"
2026-05-18 15:00,2026-05-19 09:09,000990,DB하이텍,종가베팅,3,171900,166700,-16752,-3.248,-1.09,"종가베팅: 등락 +4.4%, 고저범위 84% 위치, VWAP 167,796 위","손절 (166,800)"
2026-05-19 09:32,2026-05-19 09:35,356680,엑스게이트,ORB,78,17310,17560,16355,1.211,0.84,"ORB5 고가 17,270 돌파 (범위 7.5%)","트레일링 (17,480)"
2026-05-19 15:00,2026-05-20 09:01,015760,한국전력,종가베팅,16,39400,38200,-20607,-3.269,-1.12,"종가베팅: 등락 +4.5%, 고저범위 87% 위치, VWAP 39,064 위","손절 (38,250)"
2026-05-20 09:23,2026-05-20 09:28,036930,주성엔지니어링,ORB,7,192000,198085.71,39420,2.933,2.01,"ORB5 고가 191,500 돌파 (범위 8.3%)",목표 익절 +4.0%
2026-05-20 15:00,2026-05-21 09:01,253840,수젠텍,종가베팅,84,7730,7360,-32505,-5.006,-1.68,"종가베팅: 등락 +16.4%, 고저범위 76% 위치, VWAP 7,695 위","손절 (7,500)"
2026-05-20 15:00,2026-05-21 09:02,082740,한화엔진,종가베팅,9,69800,73022.22,27496,4.377,1.53,"종가베팅: 등락 +7.1%, 고저범위 96% 위치, VWAP 66,968 위",목표 익절 +5%
2026-05-21 09:05,2026-05-21 09:09,009150,삼성전기,ORB,1,1163000,1209000,43227,3.717,2.54,"ORB5 고가 1,162,000 돌파 (범위 5.2%)",목표 익절 +4.0%
2026-05-21 09:12,2026-05-21 09:13,017900,광전자,ORB,96,13970,14135,12724,0.949,0.66,"ORB5 고가 13,900 돌파 (범위 5.1%)","트레일링 (14,070)"
2026-05-21 09:06,2026-05-21 09:25,066570,LG전자,ORB,3,195900,196500,445,0.076,0.03,"ORB5 고가 195,800 돌파 (범위 2.5%)","트레일링 (196,500)"
2026-05-21 15:00,2026-05-22 09:01,034020,두산에너빌리티,종가베팅,6,109000,117000,46393,7.094,2.42,"종가베팅: 등락 +5.1%, 고저범위 81% 위치, VWAP 108,339 위",목표 익절 +5%
2026-05-21 15:00,2026-05-22 09:01,222800,심텍,종가베팅,5,125500,121600.0,-20901,-3.331,-1.13,"종가베팅: 등락 +19.0%, 고저범위 80% 위치, VWAP 123,066 위","손절 (121,800)"
2026-05-22 09:05,2026-05-22 09:06,440110,파두,ORB,10,122400,120600,-20775,-1.697,-1.15,"ORB5 고가 122,300 돌파 (범위 5.1%)","손절 (120,600)"
2026-05-22 09:12,2026-05-22 09:32,068270,셀트리온,ORB,7,190600,190200,-5861,-0.439,-0.30,"ORB5 고가 190,545 돌파 (범위 3.5%)",타임스탑 20분
2026-05-22 15:00,2026-05-26 09:01,440110,파두,종가베팅,5,127400,123300,-21920,-3.441,-1.15,"종가베팅: 등락 +9.1%, 고저범위 84% 위치, VWAP 123,624 위","손절 (123,600)"
2026-05-26 09:05,2026-05-26 09:11,011790,SKC,ORB,8,154000,156800,19521,1.584,1.06,"ORB5 고가 153,700 돌파 (범위 3.3%)","트레일링 (156,600)"
2026-05-22 15:14,2026-05-26 09:15,078600,대주전자재료,종가베팅,4,156600,160900.00,15726,2.511,0.84,"종가베팅: 등락 +17.6%, 고저범위 78% 위치, VWAP 155,173 위","트레일링 (161,700)"
2026-05-26 15:00,2026-05-27 09:01,353200,대덕전자,종가베팅,3,171500,180100,24562,4.774,1.61,"종가베팅: 등락 +13.3%, 고저범위 80% 위치, VWAP 167,351 위",목표 익절 +5%
2026-05-27 09:05,2026-05-27 09:06,440110,파두,ORB,10,125600,123800,-20849,-1.660,-1.16,"ORB5 고가 125,300 돌파 (범위 6.2%)","손절 (123,800)"
2026-05-27 09:16,2026-05-27 09:17,402340,SK스퀘어,ORB,1,1331000,1310000,-24015,-1.804,-1.26,"ORB5 고가 1,329,000 돌파 (범위 6.7%)","손절 (1,312,000)"
2026-05-27 15:00,2026-05-27 15:06,064400,LG씨엔에스,종가베팅,7,94300,91400,-21773,-3.298,-1.11,"종가베팅: 등락 +13.6%, 고저범위 99% 위치, VWAP 85,944 위","손절 (91,500)"
2026-05-27 15:00,2026-05-28 09:01,009420,한올바이오파마,종가베팅,9,70900,67700,-30204,-4.733,-1.60,"종가베팅: 등락 +18.0%, 고저범위 84% 위치, VWAP 68,795 위","손절 (68,800)"
2026-05-28 09:05,2026-05-28 09:06,454910,두산로보틱스,ORB,12,108900,109200,588,0.045,0.03,"ORB5 고가 108,800 돌파 (범위 5.2%)","본절 (109,200)"
2026-05-28 09:06,2026-05-28 09:11,034220,LG디스플레이,ORB,85,15650,15878.82,16352,1.229,0.84,"ORB5 고가 15,630 돌파 (범위 9.9%)","트레일링 (15,800)"
2026-05-28 09:15,2026-05-28 09:16,006660,삼성공조,ORB,78,17170,17695,37785,2.821,1.94,"ORB5 고가 17,060 돌파 (범위 9.0%)",목표 익절 +4.0%
2026-05-28 15:00,2026-05-29 09:02,373220,LG에너지솔루션,종가베팅,1,439000,445000.00,4979,1.134,0.38,"종가베팅: 등락 +13.3%, 고저범위 76% 위치, VWAP 431,015 위","트레일링 (445,000)"
2026-05-29 09:05,2026-05-29 09:06,064400,LG씨엔에스,ORB,12,100900,99400,-20744,-1.713,-1.15,"ORB5 고가 100,800 돌파 (범위 6.4%)","손절 (99,400)"
2026-05-29 09:14,2026-05-29 09:20,005380,현대차,ORB,1,721000,711000,-11636,-1.614,-1.16,"ORB5 고가 720,000 돌파 (범위 2.7%)","손절 (711,000)"
2026-05-29 09:11,2026-05-29 09:21,003550,LG,ORB,10,126000,124200,-20859,-1.655,-1.16,"ORB5 고가 125,600 돌파 (범위 3.8%)","손절 (124,200)"
2026-05-29 15:00,2026-06-01 09:01,034220,LG디스플레이,종가베팅,41,16170,17260,43070,6.497,2.19,"종가베팅: 등락 +12.1%, 고저범위 77% 위치, VWAP 15,884 위",목표 익절 +5%
2026-06-01 09:05,2026-06-01 09:06,011790,SKC,ORB,8,160600,161400,3433,0.267,0.18,"ORB5 고가 160,300 돌파 (범위 7.2%)","트레일링 (161,700)"
2026-05-29 15:02,2026-06-01 09:52,051910,LG화학,종가베팅,1,364000,371000,6149,1.689,0.59,"종가베팅: 등락 +6.3%, 고저범위 75% 위치, VWAP 355,062 위","트레일링 (371,000)"
2026-06-01 15:00,2026-06-02 09:02,005930,삼성전자,종가베팅,1,350000,361000.00,10172,2.906,0.97,"종가베팅: 등락 +9.9%, 고저범위 98% 위치, VWAP 340,080 위","트레일링 (361,000)"
2026-06-01 15:00,2026-06-02 09:02,278470,에이피알,종가베팅,1,426500,412500,-14949,-3.505,-1.20,"종가베팅: 등락 +8.1%, 고저범위 92% 위치, VWAP 417,777 위","손절 (414,000)"
2026-06-02 09:05,2026-06-02 09:05,034220,LG디스플레이,ORB,78,16980,16710,-24059,-1.817,-1.23,"ORB5 고가 16,970 돌파 (범위 6.1%)","손절 (16,730)"
2026-06-02 09:05,2026-06-02 09:06,373220,LG에너지솔루션,ORB,2,484500,492500,13739,1.418,0.98,"ORB5 고가 484,000 돌파 (범위 8.2%)","트레일링 (491,500)"
2026-06-02 15:00,2026-06-04 09:01,028260,삼성물산,종가베팅,1,478500,492500,12871,2.690,0.92,"종가베팅: 등락 +4.0%, 고저범위 81% 위치, VWAP 460,588 위","트레일링 (494,000)"
2026-06-02 15:00,2026-06-04 09:01,032830,삼성생명,종가베팅,1,447000,433500,-14499,-3.244,-1.12,"종가베팅: 등락 +8.8%, 고저범위 89% 위치, VWAP 430,428 위","손절 (434,000)"
2026-06-04 09:05,2026-06-04 09:07,011790,SKC,ORB,8,156400,158350,12692,1.014,0.69,"ORB5 고가 156,000 돌파 (범위 7.0%)","트레일링 (157,600)"
2026-06-04 09:07,2026-06-04 09:15,403870,HPSP,ORB,29,46200,45550,-21889,-1.634,-1.16,"ORB5 고가 46,150 돌파 (범위 5.5%)","손절 (45,550)"
2026-06-04 15:10,2026-06-05 09:01,489790,한화비전,종가베팅,8,79500,74400,-42174,-6.631,-2.29,"종가베팅: 등락 +18.7%, 고저범위 85% 위치, VWAP 77,097 위","손절 (77,200)"
2026-06-04 15:00,2026-06-05 09:02,347850,디앤디파마텍,종가베팅,7,92600,95114.29,16075,2.480,0.85,"종가베팅: 등락 +10.1%, 고저범위 79% 위치, VWAP 90,282 위","트레일링 (95,300)"
2026-06-05 09:10,2026-06-05 09:13,055550,신한지주,ORB,12,106700,108750,21604,1.687,1.13,"ORB5 고가 106,500 돌파 (범위 3.9%)","트레일링 (108,400)"
2026-06-05 09:09,2026-06-05 09:14,105560,KB금융,ORB,7,172400,173400,4210,0.349,0.24,"ORB5 고가 172,200 돌파 (범위 3.0%)","트레일링 (173,500)"
2026-06-05 15:01,2026-06-08 09:01,178320,서진시스템,종가베팅,9,71400,64200,-66137,-10.292,-3.50,"종가베팅: 등락 +3.2%, 고저범위 87% 위치, VWAP 67,526 위","손절 (69,300)"
2026-06-08 15:08,2026-06-08 15:10,024060,흥구석유,종가베팅,52,12750,12320,-23836,-3.595,-1.21,"종가베팅: 등락 +6.6%, 고저범위 79% 위치, VWAP 12,285 위","손절 (12,370)"
2026-06-08 15:08,2026-06-09 09:03,032640,LG유플러스,종가베팅,42,15880,15400,-21650,-3.246,-1.10,"종가베팅: 등락 +4.8%, 고저범위 80% 위치, VWAP 15,524 위","손절 (15,410)"
2026-06-09 15:00,2026-06-10 09:01,028260,삼성물산,종가베팅,1,432000,402500,-30429,-7.044,-2.43,"종가베팅: 등락 +5.9%, 고저범위 86% 위치, VWAP 415,114 위","손절 (419,500)"
2026-06-09 15:06,2026-06-10 09:01,000270,기아,종가베팅,4,165800,160500,-22679,-3.420,-1.16,"종가베팅: 등락 +9.2%, 고저범위 88% 위치, VWAP 162,900 위","손절 (160,900)"
2026-06-10 09:06,2026-06-10 09:08,093370,후성,ORB,87,15000,14750.00,-24703,-1.893,-1.29,"ORB5 고가 14,970 돌파 (범위 5.9%)","손절 (14,780)"
2026-06-10 09:06,2026-06-10 09:09,319660,피에스케이,ORB,8,147900,150100,14844,1.255,0.84,"ORB5 고가 147,700 돌파 (범위 8.0%)","트레일링 (149,600)"
2026-06-10 15:01,2026-06-11 09:01,047810,한국항공우주,종가베팅,4,136400,139850,12519,2.295,0.78,"종가베팅: 등락 +6.4%, 고저범위 79% 위치, VWAP 135,133 위","트레일링 (139,300)"
2026-06-10 15:00,2026-06-11 09:01,093370,후성,종가베팅,41,16110,15580,-23201,-3.513,-1.18,"종가베팅: 등락 +19.1%, 고저범위 80% 위치, VWAP 15,677 위","손절 (15,630)"
2026-06-11 15:00,2026-06-12 09:02,319400,현대무벡스,종가베팅,16,41150,41750.0,8067,1.225,0.42,"종가베팅: 등락 +16.1%, 고저범위 99% 위치, VWAP 38,195 위","트레일링 (41,600)"
2026-06-12 09:05,2026-06-12 09:05,001740,SK네트웍스,ORB,100,12850,12630,-24907,-1.938,-1.31,"ORB5 고가 12,830 돌파 (범위 8.6%)","손절 (12,660)"
2026-06-12 10:00,2026-06-12 10:04,240810,원익IPS,ORB,8,163300,166300,20947,1.603,1.09,"ORB5 고가 163,100 돌파 (범위 5.2%)","트레일링 (166,300)"
2026-06-15 09:05,2026-06-15 09:06,093370,후성,ORB,64,20100,20475,20992,1.632,1.26,"ORB5 고가 19,990 돌파 (범위 5.5%)","트레일링 (20,450)"
2026-06-15 09:06,2026-06-15 09:08,089030,테크윙,ORB,18,71000,71400,4247,0.332,0.24,"ORB5 고가 70,700 돌파 (범위 6.2%)","트레일링 (71,400)"
2026-06-15 09:12,2026-06-15 09:14,042700,한미반도체,ORB,3,367000,361500,-18996,-1.725,-1.15,"ORB5 고가 366,000 돌파 (범위 4.3%)","손절 (361,500)"
2026-06-15 15:00,2026-06-16 09:03,042660,한화오션,종가베팅,5,122500,124380.0,7974,1.302,0.44,"종가베팅: 등락 +8.2%, 고저범위 86% 위치, VWAP 120,179 위","트레일링 (124,000)"
2026-06-16 09:06,2026-06-16 09:09,079550,LIG디펜스앤에어로스페이스,ORB,1,988000,972000,-18237,-1.846,-1.30,"ORB5 고가 987,000 돌파 (범위 5.4%)","손절 (974,000)"
2026-06-16 09:07,2026-06-16 09:34,105560,KB금융,ORB,7,178100,180400,13201,1.059,0.73,"ORB5 고가 177,800 돌파 (범위 5.0%)","트레일링 (179,700)"
2026-06-16 15:00,2026-06-17 09:03,204320,HL만도,종가베팅,8,76200,77800,11374,1.866,0.65,"종가베팅: 등락 +7.9%, 고저범위 82% 위치, VWAP 74,211 위","트레일링 (77,900)"
2026-06-17 09:11,2026-06-17 09:12,403870,HPSP,ORB,18,69900,68700.00,-24446,-1.943,-1.36,"ORB5 고가 69,800 돌파 (범위 6.7%)","손절 (68,900)"
2026-06-17 09:05,2026-06-17 09:13,240810,원익IPS,ORB,7,169400,176442.86,46470,3.919,2.66,"ORB5 고가 169,000 돌파 (범위 6.2%)",목표 익절 +4.0%
2026-06-18 09:05,2026-06-18 09:08,006340,대원전선,ORB,95,13950,13730,-23901,-1.804,-1.26,"ORB5 고가 13,940 돌파 (범위 9.1%)","손절 (13,750)"
2026-06-18 15:00,2026-06-19 09:01,005930,삼성전자,종가베팅,1,358750,369500,9903,2.760,0.92,"종가베팅: 등락 +4.4%, 고저범위 95% 위치, VWAP 351,555 위","트레일링 (369,500)"
2026-06-18 15:00,2026-06-19 09:06,032830,삼성생명,종가베팅,1,470000,493000,21871,4.653,1.56,"종가베팅: 등락 +6.0%, 고저범위 98% 위치, VWAP 460,502 위",목표 익절 +5%
2026-06-22 09:06,2026-06-22 09:08,001820,삼화콘덴서,ORB,7,181400,178200,-25271,-1.990,-1.34,"ORB5 고가 181,300 돌파 (범위 6.9%)","손절 (178,700)"
2026-06-22 15:00,2026-06-23 09:01,080220,제주반도체,종가베팅,5,132400,128500,-20980,-3.169,-1.08,"종가베팅: 등락 +15.8%, 고저범위 79% 위치, VWAP 129,391 위","손절 (128,500)"
2026-06-22 15:00,2026-06-23 09:02,000990,DB하이텍,종가베팅,3,171400,166000,-17347,-3.374,-1.13,"종가베팅: 등락 +11.7%, 고저범위 98% 위치, VWAP 164,975 위","손절 (166,300)"
2026-06-24 09:06,2026-06-24 09:06,026940,부국철강,ORB,308,4225,4390,47721,3.667,2.58,"ORB5 고가 4,200 돌파 (범위 7.1%)",목표 익절 +4.0%
2026-06-24 09:14,2026-06-24 09:20,080220,제주반도체,ORB,10,120000,118200,-20721,-1.727,-1.15,"ORB5 고가 119,800 돌파 (범위 4.6%)","손절 (118,200)"
2026-06-25 09:05,2026-06-25 09:09,034730,SK,ORB,1,841000,826000,-16901,-2.010,-1.41,"ORB5 고가 840,000 돌파 (범위 9.4%)","손절 (829,000)"
2026-06-24 15:00,2026-06-25 09:11,141080,리가켐바이오,종가베팅,4,153400,157350,14356,2.340,0.78,"종가베팅: 등락 +12.6%, 고저범위 92% 위치, VWAP 149,151 위","트레일링 (157,600)"
2026-06-25 09:36,2026-06-25 09:38,037710,광주신세계,ORB,26,48650,49225,12012,0.950,0.66,"ORB5 고가 48,500 돌파 (범위 6.8%)","트레일링 (49,050)"
2026-06-26 09:06,2026-06-26 09:07,037710,광주신세계,ORB,28,46400,45650,-23941,-1.843,-1.32,"ORB5 고가 46,350 돌파 (범위 5.8%)","손절 (45,750)"
2026-06-25 15:09,2026-06-26 09:20,005930,삼성전자,종가베팅,1,360000,349500.00,-11305,-3.140,-1.08,"종가베팅: 등락 +6.0%, 고저범위 76% 위치, VWAP 358,212 위","손절 (349,500)"
2026-06-29 09:05,2026-06-29 09:05,475150,SK이터닉스,ORB,26,48300,47550,-22345,-1.779,-1.23,"ORB5 고가 48,200 돌파 (범위 8.1%)","손절 (47,600)"
2026-06-29 09:05,2026-06-29 09:09,141080,리가켐바이오,ORB,8,157900,162700,35416,2.804,1.92,"ORB5 고가 157,700 돌파 (범위 4.6%)",목표 익절 +4.0%
2026-06-29 09:51,2026-06-29 10:11,214450,파마리서치,ORB,3,353000,351000,-8421,-0.795,-0.56,"ORB5 고가 352,500 돌파 (범위 5.5%)",타임스탑 20분
2026-06-29 15:14,2026-06-30 09:01,373220,LG에너지솔루션,종가베팅,1,396500,385000,-12386,-3.124,-1.08,"종가베팅: 등락 +19.3%, 고저범위 98% 위치, VWAP 379,205 위","손절 (385,000)"
2026-06-30 09:07,2026-06-30 09:08,240810,원익IPS,ORB,7,174300,171700,-20966,-1.718,-1.15,"ORB5 고가 174,200 돌파 (범위 6.2%)","손절 (171,700)"
2026-06-30 15:00,2026-07-01 09:06,214450,파마리서치,종가베팅,1,366500,355500,-11818,-3.225,-1.07,"종가베팅: 등락 +3.5%, 고저범위 91% 위치, VWAP 363,052 위","손절 (355,500)"
2026-07-02 09:05,2026-07-02 09:06,037710,광주신세계,ORB,26,49950,50700,16473,1.268,0.91,"ORB5 고가 49,700 돌파 (범위 9.8%)","트레일링 (50,500)"
2026-07-02 09:09,2026-07-02 09:13,003230,삼양식품,ORB,1,1218000,1197000,-23755,-1.950,-1.32,"ORB5 고가 1,217,000 돌파 (범위 4.7%)","손절 (1,200,000)"
2026-07-03 09:05,2026-07-03 09:06,403870,HPSP,ORB,28,46250,45600.0,-21138,-1.632,-1.16,"ORB5 고가 46,200 돌파 (범위 5.4%)","손절 (45,600)"
2026-07-03 10:08,2026-07-03 10:09,095500,미래나노텍,ORB,166,7940,7830.00,-21250,-1.612,-1.16,"ORB5 고가 7,900 돌파 (범위 3.7%)","손절 (7,830)"
2026-07-03 15:00,2026-07-06 09:13,016360,삼성증권,종가베팅,5,118900,123440,21287,3.581,1.22,"종가베팅: 등락 +9.3%, 고저범위 94% 위치, VWAP 114,957 위",목표 익절 +5%
2026-07-06 09:17,2026-07-06 09:18,006340,대원전선,ORB,94,13940,13730,-22710,-1.733,-1.21,"ORB5 고가 13,930 돌파 (범위 6.3%)","손절 (13,740)"
2026-07-03 15:00,2026-07-06 09:28,055550,신한지주,종가베팅,6,107500,109200,8698,1.349,0.45,"종가베팅: 등락 +4.1%, 고저범위 90% 위치, VWAP 106,306 위","트레일링 (108,800)"
2026-07-06 15:00,2026-07-07 09:01,037710,광주신세계,종가베팅,14,45700,47125,18439,2.882,0.98,"종가베팅: 등락 +17.9%, 고저범위 83% 위치, VWAP 43,639 위","트레일링 (47,100)"
2026-07-06 15:00,2026-07-07 09:04,000270,기아,종가베팅,4,160900,156000,-21037,-3.269,-1.10,"종가베팅: 등락 +6.1%, 고저범위 86% 위치, VWAP 158,806 위","손절 (156,100)"
2026-07-07 09:05,2026-07-07 09:09,036930,주성엔지니어링,ORB,6,194500,191200,-22441,-1.923,-1.29,"ORB5 고가 194,000 돌파 (범위 9.2%)","손절 (191,600)"
2026-07-07 09:17,2026-07-07 09:19,037070,파세코,ORB,133,9650,9480,-25512,-1.988,-1.37,"ORB5 고가 9,590 돌파 (범위 7.6%)","손절 (9,510)"
2026-07-07 15:00,2026-07-08 09:11,096770,SK이노베이션,종가베팅,6,103400,100300,-19986,-3.221,-1.07,"종가베팅: 등락 +6.9%, 고저범위 92% 위치, VWAP 100,398 위","손절 (100,300)"
2026-07-08 15:09,2026-07-09 09:01,439090,마녀공장,종가베팅,37,17610,16540,-41001,-6.293,-2.13,"종가베팅: 등락 +5.6%, 고저범위 76% 위치, VWAP 16,902 위","손절 (17,090)"
2026-07-08 15:00,2026-07-09 09:01,010950,S-Oil,종가베팅,4,132700,128700.00,-17185,-3.238,-1.10,"종가베팅: 등락 +5.6%, 고저범위 81% 위치, VWAP 131,507 위","손절 (128,800)"
2026-07-09 09:07,2026-07-09 09:10,002990,금호건설,ORB,75,16770,16830,1599,0.127,0.09,"ORB5 고가 16,700 돌파 (범위 7.7%)","트레일링 (16,850)"
2026-07-09 09:24,2026-07-09 09:26,036930,주성엔지니어링,ORB,7,167800,170185.71,13966,1.189,0.80,"ORB5 고가 167,600 돌파 (범위 3.4%)","트레일링 (169,800)"
2026-07-09 15:00,2026-07-10 09:01,105560,KB금융,종가베팅,3,175000,178166.67,8275,1.576,0.53,"종가베팅: 등락 +3.1%, 고저범위 80% 위치, VWAP 172,996 위","트레일링 (177,300)"
2026-07-10 09:43,2026-07-10 09:49,240810,원익IPS,ORB,11,112000,114027.27,19421,1.576,1.10,"ORB5 고가 111,800 돌파 (범위 3.5%)","트레일링 (114,000)"
2026-07-10 09:56,2026-07-10 10:04,036930,주성엔지니어링,ORB,6,188900,191400,12363,1.091,0.74,"ORB5 고가 188,700 돌파 (범위 4.2%)","트레일링 (190,400)"
2026-07-13 09:05,2026-07-13 09:06,087010,펩트론,ORB,10,118900,120400.0,12235,1.029,0.72,"ORB5 고가 118,700 돌파 (범위 8.9%)","트레일링 (120,000)"
2026-07-13 09:05,2026-07-13 09:08,066570,LG전자,ORB,6,196300,198850,12560,1.066,0.72,"ORB5 고가 196,200 돌파 (범위 6.4%)","트레일링 (198,000)"
2026-07-10 15:00,2026-07-13 09:11,006400,삼성SDI,종가베팅,1,441000,463500,21438,4.861,1.65,"종가베팅: 등락 +9.4%, 고저범위 96% 위치, VWAP 430,093 위",목표 익절 +5%
2026-07-13 09:10,2026-07-13 09:11,024060,흥구석유,ORB,109,11950,11760,-23660,-1.816,-1.28,"ORB5 고가 11,920 돌파 (범위 4.6%)","손절 (11,780)"
2026-07-10 15:00,2026-07-13 09:19,086520,에코프로,종가베팅,7,86400,87871.43,8891,1.470,0.51,"종가베팅: 등락 +9.0%, 고저범위 89% 위치, VWAP 84,551 위","트레일링 (87,800)"
2026-07-13 15:00,2026-07-14 09:01,161890,한국콜마,종가베팅,5,116900,111800,-26788,-4.583,-1.53,"종가베팅: 등락 +9.6%, 고저범위 88% 위치, VWAP 114,676 위","손절 (113,400)"
2026-07-14 15:00,2026-07-15 09:01,089970,브이엠,종가베팅,5,111600,117400,27655,4.956,1.68,"종가베팅: 등락 +13.1%, 고저범위 99% 위치, VWAP 103,351 위",목표 익절 +5%
2026-07-14 15:00,2026-07-15 09:02,376900,로킷헬스케어,종가베팅,14,44900,46925,26845,4.271,1.48,"종가베팅: 등락 +6.4%, 고저범위 75% 위치, VWAP 43,308 위",목표 익절 +5%
2026-07-15 09:15,2026-07-15 09:20,403870,HPSP,ORB,16,44450,44750,3155,0.444,0.17,"ORB5 고가 44,400 돌파 (범위 2.4%)","트레일링 (44,750)"
2026-07-15 09:23,2026-07-15 09:24,036930,주성엔지니어링,ORB,5,206500,203500,-17341,-1.680,-1.16,"ORB5 고가 205,500 돌파 (범위 3.4%)","손절 (203,500)"
2026-07-15 09:23,2026-07-15 09:28,240810,원익IPS,ORB,9,138300,139000.0,3425,0.275,0.19,"ORB5 고가 137,700 돌파 (범위 5.5%)","트레일링 (139,200)"
2026-07-15 15:00,2026-07-16 09:01,240810,원익IPS,종가베팅,4,142100,136500,-23658,-4.162,-1.41,"종가베팅: 등락 +11.8%, 고저범위 84% 위치, VWAP 138,920 위","손절 (137,900)"
2026-07-16 15:00,2026-07-16 15:06,476060,온코닉테라퓨틱스,종가베팅,45,14560,14100,-22162,-3.382,-1.15,"종가베팅: 등락 +5.7%, 고저범위 81% 위치, VWAP 13,952 위","손절 (14,130)"
2026-07-16 15:10,2026-07-20 09:01,009540,HD한국조선해양,종가베팅,1,351000,354000.0,2187,0.623,0.21,"종가베팅: 등락 +5.2%, 고저범위 78% 위치, VWAP 346,123 위","트레일링 (356,000)"
2026-07-20 10:34,2026-07-20 10:37,024060,흥구석유,ORB,93,13750,13550,-21500,-1.681,-1.16,"ORB5 고가 13,740 돌파 (범위 4.2%)","손절 (13,550)"
2026-07-21 15:00,2026-07-22 09:01,440110,파두,종가베팅,8,78000,79750.00,12538,2.009,0.68,"종가베팅: 등락 +8.8%, 고저범위 96% 위치, VWAP 74,684 위","트레일링 (79,200)"
2026-07-21 15:00,2026-07-22 09:02,006340,대원전선,종가베팅,54,11880,12390,26008,4.054,1.38,"종가베팅: 등락 +8.6%, 고저범위 82% 위치, VWAP 11,749 위",목표 익절 +5%
2026-07-22 09:05,2026-07-22 09:10,240810,원익IPS,ORB,9,127900,130900,24297,2.111,1.42,"ORB5 고가 127,400 돌파 (범위 4.9%)","트레일링 (131,300)"
2026-07-22 09:44,2026-07-22 09:46,006340,대원전선,ORB,98,12890,12670,-24418,-1.933,-1.31,"ORB5 고가 12,880 돌파 (범위 6.0%)","손절 (12,700)"
2026-07-23 09:05,2026-07-23 09:06,475150,SK이터닉스,ORB,17,68100,68300,731,0.063,0.04,"ORB5 고가 67,700 돌파 (범위 6.6%)","본절 (68,300)"
2026-07-23 09:43,2026-07-23 09:44,006340,대원전선,ORB,94,13350,13120.0,-24458,-1.949,-1.30,"ORB5 고가 13,330 돌파 (범위 6.2%)","손절 (13,150)"
2026-07-23 15:00,2026-07-24 09:01,006340,대원전선,종가베팅,45,14070,13650.00,-20314,-3.208,-1.07,"종가베팅: 등락 +15.7%, 고저범위 96% 위치, VWAP 13,336 위","손절 (13,650)"
2026-07-24 09:05,2026-07-24 09:06,460930,현대힘스,ORB,85,14910,14680,-22422,-1.769,-1.20,"ORB5 고가 14,900 돌파 (범위 3.3%)","손절 (14,690)"
2026-07-23 15:00,2026-07-24 10:00,329180,HD현대중공업,종가베팅,1,498000,504000,4843,0.972,0.33,"종가베팅: 등락 +7.8%, 고저범위 97% 위치, VWAP 486,175 위",익일 청산 시각 10:00
2026-07-24 15:00,2026-07-27 09:02,460930,현대힘스,종가베팅,40,16110,15610,-21437,-3.327,-1.12,"종가베팅: 등락 +16.7%, 고저범위 78% 위치, VWAP 15,767 위","손절 (15,630)"
2026-07-27 09:07,2026-07-27 09:08,108860,셀바스AI,ORB,150,8510,8390,-20896,-1.637,-1.16,"ORB5 고가 8,480 돌파 (범위 7.6%)","손절 (8,390)"
2026-07-27 09:17,2026-07-27 09:19,036930,주성엔지니어링,ORB,8,151300,149000.00,-21143,-1.747,-1.20,"ORB5 고가 150,800 돌파 (범위 4.0%)","손절 (149,100)"
2026-07-24 15:00,2026-07-27 09:48,138040,메리츠금융지주,종가베팅,5,122700,125680.00,13460,2.194,0.75,"종가베팅: 등락 +5.1%, 고저범위 95% 위치, VWAP 121,306 위","트레일링 (126,000)"
2026-07-27 15:00,2026-07-28 09:01,036930,주성엔지니어링,종가베팅,4,151100,137600,-55272,-9.145,-3.07,"종가베팅: 등락 +7.1%, 고저범위 80% 위치, VWAP 148,209 위","손절 (146,600)"
2026-07-27 15:00,2026-07-28 09:03,240810,원익IPS,종가베팅,6,105100,95200,-60721,-9.629,-3.26,"종가베팅: 등락 +4.5%, 고저범위 89% 위치, VWAP 102,802 위","손절 (102,000)"
2026-07-28 15:03,2026-07-28 15:19,332570,PS일렉트로닉스,종가베팅,81,7680,7450,-20019,-3.218,-1.07,"종가베팅: 등락 +5.8%, 고저범위 82% 위치, VWAP 7,516 위","손절 (7,450)"
2026-07-28 15:05,2026-07-29 09:01,214450,파마리서치,종가베팅,1,384500,371000,-14354,-3.733,-1.25,"종가베팅: 등락 +3.2%, 고저범위 100% 위치, VWAP 373,068 위","손절 (373,000)"
2026-07-29 15:00,2026-07-30 09:01,058610,에스피지,종가베팅,8,79400,85300,45639,7.185,2.48,"종가베팅: 등락 +18.7%, 고저범위 78% 위치, VWAP 76,788 위",목표 익절 +5%
2026-07-30 09:10,2026-07-30 09:15,475150,SK이터닉스,ORB,25,47000,48446,33373,2.840,1.91,"ORB5 고가 46,800 돌파 (범위 8.1%)",목표 익절 +4.0%
2026-07-31 09:06,2026-07-31 09:07,475150,SK이터닉스,ORB,25,48050,47350.0,-20224,-1.684,-1.16,"ORB5 고가 47,950 돌파 (범위 7.4%)","손절 (47,350)"
2026-07-31 15:00,2026-08-03 09:01,086520,에코프로,종가베팅,8,79900,77100,-23820,-3.727,-1.29,"종가베팅: 등락 +12.5%, 고저범위 88% 위치, VWAP 78,229 위","손절 (77,600)"
2026-07-31 15:00,2026-08-03 09:13,034020,두산에너빌리티,종가베팅,9,67300,65300,-19353,-3.195,-1.08,"종가베팅: 등락 +10.9%, 고저범위 95% 위치, VWAP 65,836 위","손절 (65,300)"
2026-08-03 09:45,2026-08-03 09:45,108860,셀바스AI,ORB,128,9400,9250.00,-21925,-1.822,-1.22,"ORB5 고가 9,350 돌파 (범위 7.1%)","손절 (9,260)"
2026-08-03 15:00,2026-08-04 09:01,108860,셀바스AI,종가베팅,64,9750,11440,106494,17.066,5.74,"종가베팅: 등락 +12.2%, 고저범위 96% 위치, VWAP 9,267 위",목표 익절 +5%
2026-08-04 09:05,2026-08-04 09:07,006340,대원전선,ORB,83,14870,14620.0,-23543,-1.908,-1.29,"ORB5 고가 14,820 돌파 (범위 6.2%)","손절 (14,650)"
2026-08-04 09:09,2026-08-04 09:11,108860,셀바스AI,ORB,106,11700,11770,4552,0.367,0.25,"ORB5 고가 11,650 돌파 (범위 6.4%)","트레일링 (11,770)"
2026-08-03 15:00,2026-08-04 09:11,214450,파마리서치,종가베팅,1,372000,380500,7627,2.050,0.69,"종가베팅: 등락 +9.6%, 고저범위 76% 위치, VWAP 367,504 위","트레일링 (381,000)"
2026-08-05 09:05,2026-08-05 09:05,006340,대원전선,ORB,80,15390,15140,-22787,-1.851,-1.24,"ORB5 고가 15,380 돌파 (범위 7.3%)","손절 (15,160)"
2026-08-05 09:07,2026-08-05 09:08,304100,솔트룩스,ORB,64,19890,19580.00,-22723,-1.785,-1.22,"ORB5 고가 19,870 돌파 (범위 5.2%)","손절 (19,600)"
2026-08-05 15:00,2026-08-06 09:01,036930,주성엔지니어링,종가베팅,4,144000,139300.0,-20083,-3.487,-1.17,"종가베팅: 등락 +5.8%, 고저범위 80% 위치, VWAP 140,773 위","손절 (139,700)"
2026-08-05 15:00,2026-08-06 09:01,439960,코스모로보틱스,종가베팅,34,18890,19855,31265,4.868,1.64,"종가베팅: 등락 +5.1%, 고저범위 89% 위치, VWAP 18,311 위",목표 익절 +5%
2026-08-06 09:47,2026-08-06 09:48,476060,온코닉테라퓨틱스,ORB,92,13900,13700.0,-21300,-1.666,-1.16,"ORB5 고가 13,860 돌파 (범위 3.3%)","손절 (13,700)"
2026-08-06 15:00,2026-08-07 09:01,086520,에코프로,종가베팅,7,84900,88500,23782,4.002,1.36,"종가베팅: 등락 +3.7%, 고저범위 85% 위치, VWAP 83,245 위",목표 익절 +5%
2026-08-07 09:05,2026-08-07 09:05,322000,HD현대에너지솔루션,ORB,8,148000,145600,-21880,-1.848,-1.24,"ORB5 고가 147,800 돌파 (범위 6.4%)","손절 (145,800)"
2026-08-07 09:05,2026-08-07 09:07,073240,금호타이어,ORB,148,8300,8180.00,-20546,-1.673,-1.16,"ORB5 고가 8,280 돌파 (범위 7.3%)","손절 (8,180)"
2026-08-06 15:03,2026-08-07 09:29,214450,파마리서치,종가베팅,1,396500,400000,2581,0.651,0.22,"종가베팅: 등락 +4.2%, 고저범위 81% 위치, VWAP 392,392 위","트레일링 (400,000)"
2026-08-07 09:37,2026-08-07 09:51,096770,SK이노베이션,ORB,10,113800,114600,5367,0.472,0.32,"ORB5 고가 113,700 돌파 (범위 3.7%)","트레일링 (114,600)"
2026-08-07 15:14,2026-08-10 09:01,096770,SK이노베이션,종가베팅,5,119900,116300,-19339,-3.226,-1.11,"종가베팅: 등락 +10.5%, 고저범위 97% 위치, VWAP 115,001 위","손절 (116,400)"
2026-08-10 09:06,2026-08-10 09:11,036930,주성엔지니어링,ORB,9,136200,138988.89,22229,1.813,1.23,"ORB5 고가 136,000 돌파 (범위 6.4%)","트레일링 (139,000)"
2026-08-10 15:00,2026-08-11 09:01,036930,주성엔지니어링,종가베팅,4,144700,140200,-19291,-3.333,-1.12,"종가베팅: 등락 +13.1%, 고저범위 95% 위치, VWAP 141,013 위","손절 (140,400)"
2026-08-11 09:14,2026-08-11 09:14,241710,코스메카코리아,ORB,11,109500,107300,-26917,-2.235,-1.53,"ORB5 고가 109,400 돌파 (범위 6.8%)","손절 (107,900)"
2026-08-10 15:00,2026-08-11 10:00,042660,한화오션,종가베팅,6,93900,91800,-13867,-2.461,-0.83,"종가베팅: 등락 +4.4%, 고저범위 95% 위치, VWAP 92,369 위",익일 청산 시각 10:00
2026-08-12 09:05,2026-08-12 09:08,006340,대원전선,ORB,79,15490,15250,-21732,-1.776,-1.20,"ORB5 고가 15,480 돌파 (범위 3.1%)","손절 (15,260)"
2026-08-12 09:05,2026-08-12 09:14,402340,SK스퀘어,ORB,1,998000,984000,-16264,-1.630,-1.16,"ORB5 고가 997,000 돌파 (범위 3.6%)","손절 (984,000)"
2026-08-11 15:00,2026-08-12 09:30,439090,마녀공장,종가베팅,33,19060,19357.27,8345,1.327,0.44,"종가베팅: 등락 +9.2%, 고저범위 92% 위치, VWAP 18,570 위","트레일링 (19,270)"
2026-08-11 15:00,2026-08-12 09:45,036930,주성엔지니어링,종가베팅,3,162500,166733.33,11555,2.370,0.80,"종가베팅: 등락 +12.2%, 고저범위 81% 위치, VWAP 158,306 위","트레일링 (167,200)"
2026-08-12 15:00,2026-08-13 09:01,006340,대원전선,종가베팅,39,15980,15410,-23614,-3.789,-1.29,"종가베팅: 등락 +10.1%, 고저범위 91% 위치, VWAP 15,626 위","손절 (15,510)"
2026-08-12 15:00,2026-08-13 09:01,028260,삼성물산,종가베팅,1,359500,369000,8654,2.407,0.82,"종가베팅: 등락 +3.9%, 고저범위 86% 위치, VWAP 356,965 위","트레일링 (369,500)"
2026-08-13 09:05,2026-08-13 09:06,001820,삼화콘덴서,ORB,12,96300,97550,12313,1.066,0.73,"ORB5 고가 96,200 돌파 (범위 5.1%)","트레일링 (97,100)"
2026-08-13 09:05,2026-08-13 09:08,073240,금호타이어,ORB,159,7800,7830,1909,0.154,0.11,"ORB5 고가 7,790 돌파 (범위 5.6%)","트레일링 (7,830)"
2026-08-14 09:07,2026-08-14 09:14,257720,실리콘투,ORB,29,43150,43793.10,15733,1.257,0.90,"ORB5 고가 43,100 돌파 (범위 3.7%)","트레일링 (43,600)"
2026-08-13 15:00,2026-08-14 10:00,047810,한국항공우주,종가베팅,4,150500,147000,-15354,-2.550,-0.85,"종가베팅: 등락 +5.5%, 고저범위 95% 위치, VWAP 144,267 위",익일 청산 시각 10:00
2026-08-14 15:00,2026-08-18 09:04,017670,SK텔레콤,종가베팅,6,100600,102600,10588,1.754,0.59,"종가베팅: 등락 +10.1%, 고저범위 98% 위치, VWAP 98,589 위","트레일링 (102,700)"
2026-08-18 09:05,2026-08-18 09:07,403870,HPSP,ORB,29,42300,42839.66,12798,1.043,0.74,"ORB5 고가 42,200 돌파 (범위 3.6%)","트레일링 (42,650)"
2026-08-18 09:06,2026-08-18 09:08,067310,하나마이크론,ORB,29,43150,42450,-23133,-1.849,-1.33,"ORB5 고가 43,000 돌파 (범위 8.2%)","손절 (42,550)"
2026-08-18 09:12,2026-08-18 09:12,002990,금호건설,ORB,83,14980,15193.86,14854,1.195,0.81,"ORB5 고가 14,930 돌파 (범위 6.7%)","트레일링 (15,110)"
2026-08-14 15:00,2026-08-18 10:00,000270,기아,종가베팅,4,142400,141150,-6298,-1.106,-0.37,"종가베팅: 등락 +3.8%, 고저범위 100% 위치, VWAP 141,093 위",익일 청산 시각 10:00
2026-08-19 09:14,2026-08-19 09:15,006660,삼성공조,ORB,76,16070,16335.0,17291,1.416,0.95,"ORB5 고가 16,050 돌파 (범위 4.2%)","트레일링 (16,270)"
2026-08-21 09:08,2026-08-21 09:10,001210,금호전기,ORB,147,8440,8690.61,33910,2.733,1.92,"ORB5 고가 8,400 돌파 (범위 7.6%)",목표 익절 +4.0%
2026-08-20 15:00,2026-08-21 09:11,161890,한국콜마,종가베팅,4,137600,133500,-17630,-3.203,-1.08,"종가베팅: 등락 +8.6%, 고저범위 97% 위치, VWAP 133,724 위","손절 (133,500)"
2026-08-20 15:00,2026-08-21 09:34,214450,파마리서치,종가베팅,1,414000,402000,-12926,-3.122,-1.08,"종가베팅: 등락 +6.2%, 고저범위 87% 위치, VWAP 408,465 위","손절 (402,000)"
2026-08-24 09:05,2026-08-24 09:06,002990,금호건설,ORB,79,15600,15944.68,24340,1.975,1.34,"ORB5 고가 15,560 돌파 (범위 5.0%)","트레일링 (15,960)"
2026-08-24 09:21,2026-08-24 09:23,124500,아이티센글로벌,ORB,31,38500,37950.0,-19757,-1.655,-1.16,"ORB5 고가 38,400 돌파 (범위 9.1%)","손절 (37,950)"
2026-08-21 15:00,2026-08-24 10:00,055550,신한지주,종가베팅,5,104200,102500,-9679,-1.858,-0.62,"종가베팅: 등락 +3.5%, 고저범위 88% 위치, VWAP 103,336 위",익일 청산 시각 10:00
2026-08-21 15:00,2026-08-24 10:00,086790,하나금융지주,종가베팅,4,129100,126800,-10367,-2.008,-0.68,"종가베팅: 등락 +4.2%, 고저범위 90% 위치, VWAP 127,632 위",익일 청산 시각 10:00
2026-08-24 15:00,2026-08-25 09:01,237690,에스티팜,종가베팅,5,112000,105900,-31722,-5.665,-1.92,"종가베팅: 등락 +11.8%, 고저범위 100% 위치, VWAP 106,242 위","손절 (108,700)"
2026-08-24 15:00,2026-08-25 09:11,010170,대한광통신,종가베팅,47,13020,12620.00,-20165,-3.295,-1.10,"종가베팅: 등락 +7.4%, 고저범위 84% 위치, VWAP 12,811 위","손절 (12,630)"
2026-08-25 15:00,2026-08-26 09:01,034020,두산에너빌리티,종가베팅,7,81200,82328.57,6578,1.157,0.39,"종가베팅: 등락 +7.3%, 고저범위 98% 위치, VWAP 77,296 위","트레일링 (82,100)"
2026-08-25 15:00,2026-08-26 09:04,078930,GS,종가베팅,5,121900,118300.0,-19362,-3.177,-1.08,"종가베팅: 등락 +6.2%, 고저범위 84% 위치, VWAP 119,721 위","손절 (118,300)"
2026-08-26 09:12,2026-08-26 09:12,037440,희림,ORB,272,4495,4515,2617,0.214,0.15,"ORB5 고가 4,490 돌파 (범위 8.8%)","트레일링 (4,515)"
2026-08-27 09:07,2026-08-27 09:11,062040,산일전기,ORB,6,191700,188800,-20006,-1.739,-1.19,"ORB5 고가 191,200 돌파 (범위 2.9%)","손절 (188,900)"
2026-08-27 09:12,2026-08-27 09:14,010170,대한광통신,ORB,82,14700,14800.00,5411,0.449,0.30,"ORB5 고가 14,670 돌파 (범위 4.8%)","트레일링 (14,810)"
2026-08-27 09:17,2026-08-27 09:19,267260,HD현대일렉트릭,ORB,1,799000,788000,-12813,-1.604,-1.16,"ORB5 고가 798,000 돌파 (범위 3.6%)","손절 (788,000)"
2026-08-26 15:00,2026-08-27 09:32,028050,삼성E&A,종가베팅,12,48400,50125,19323,3.327,1.11,"종가베팅: 등락 +5.6%, 고저범위 92% 위치, VWAP 47,568 위",목표 익절 +5%
2026-08-26 15:00,2026-08-27 10:00,034020,두산에너빌리티,종가베팅,7,85800,85000,-6969,-1.160,-0.40,"종가베팅: 등락 +6.5%, 고저범위 84% 위치, VWAP 84,603 위",익일 청산 시각 10:00
2026-08-28 09:07,2026-08-28 09:08,019170,신풍제약,ORB,118,10500,10835,36600,2.954,2.07,"ORB5 고가 10,450 돌파 (범위 8.9%)",목표 익절 +4.0%
2026-08-28 09:11,2026-08-28 09:18,222800,심텍,ORB,9,134600,132600,-20746,-1.713,-1.15,"ORB5 고가 134,300 돌파 (범위 6.5%)","손절 (132,600)"
2026-08-27 15:00,2026-08-28 09:28,086520,에코프로,종가베팅,6,92000,89300,-17433,-3.158,-1.08,"종가베팅: 등락 +6.7%, 고저범위 94% 위치, VWAP 90,156 위","손절 (89,300)"
2026-08-28 15:00,2026-08-31 09:02,161890,한국콜마,종가베팅,3,160100,163333.33,8577,1.786,0.60,"종가베팅: 등락 +9.6%, 고저범위 91% 위치, VWAP 156,169 위","트레일링 (163,400)"
2026-08-31 09:05,2026-08-31 09:07,019170,신풍제약,ORB,105,11880,11850.0,-6011,-0.482,-0.34,"ORB5 고가 11,840 돌파 (범위 8.4%)","본절 (11,910)"
2026-08-31 09:06,2026-08-31 09:07,161000,애경케미칼,ORB,105,11460,11280,-21625,-1.797,-1.21,"ORB5 고가 11,450 돌파 (범위 6.7%)","손절 (11,290)"
2026-08-31 09:14,2026-08-31 09:30,096770,SK이노베이션,ORB,10,120700,123250,22671,1.878,1.26,"ORB5 고가 120,500 돌파 (범위 3.3%)","트레일링 (123,500)"
2026-08-28 15:00,2026-08-31 10:00,278470,에이피알,종가베팅,1,459500,454000,-6544,-1.424,-0.48,"종가베팅: 등락 +6.2%, 고저범위 87% 위치, VWAP 451,501 위",익일 청산 시각 10:00
2026-08-31 15:00,2026-09-01 09:01,066970,엘앤에프,종가베팅,4,145800,141300,-19301,-3.309,-1.12,"종가베팅: 등락 +7.6%, 고저범위 84% 위치, VWAP 143,661 위","손절 (141,500)"
2026-08-31 15:00,2026-09-01 09:02,096770,SK이노베이션,종가베팅,5,125600,129020,15621,2.487,0.84,"종가베팅: 등락 +8.4%, 고저범위 82% 위치, VWAP 123,766 위","트레일링 (129,500)"
2026-09-01 09:07,2026-09-01 09:07,001210,금호전기,ORB,90,13930,13700.00,-23538,-1.877,-1.31,"ORB5 고가 13,900 돌파 (범위 8.6%)","손절 (13,730)"
2026-09-01 09:14,2026-09-01 09:14,198440,강동씨앤엘,ORB,542,2095,2172.5,39305,3.462,2.42,"ORB5 고가 2,070 돌파 (범위 5.7%)",목표 익절 +4.0%
2026-09-01 09:05,2026-09-01 09:17,096770,SK이노베이션,ORB,9,133000,137200,34969,2.921,2.04,"ORB5 고가 132,800 돌파 (범위 5.6%)",목표 익절 +4.0%
2026-09-01 15:00,2026-09-02 09:01,028260,삼성물산,종가베팅,1,391000,379500,-12373,-3.164,-1.08,"종가베팅: 등락 +3.7%, 고저범위 95% 위치, VWAP 383,864 위","손절 (379,500)"
2026-09-02 09:05,2026-09-02 09:06,067290,JW신약,ORB,347,3450,3395.0,-21796,-1.821,-1.26,"ORB5 고가 3,445 돌파 (범위 3.5%)","손절 (3,400)"
2026-09-02 09:06,2026-09-02 09:07,024060,흥구석유,ORB,106,11830,11860,290,0.023,0.02,"ORB5 고가 11,820 돌파 (범위 7.6%)","본절 (11,860)"
2026-09-01 15:13,2026-09-02 09:15,096770,SK이노베이션,종가베팅,4,135600,131500,-17611,-3.247,-1.10,"종가베팅: 등락 +7.7%, 고저범위 76% 위치, VWAP 134,872 위","손절 (131,600)"
2026-09-03 09:06,2026-09-03 09:07,004310,현대약품,ORB,145,8270,8130.0,-23012,-1.919,-1.32,"ORB5 고가 8,240 돌파 (범위 6.5%)","손절 (8,150)"
2026-09-03 09:13,2026-09-03 09:14,441270,파인엠텍,ORB,135,8870,8730,-21612,-1.805,-1.23,"ORB5 고가 8,840 돌파 (범위 7.3%)","손절 (8,740)"
2026-09-02 15:00,2026-09-03 09:22,039030,이오테크닉스,종가베팅,1,407500,418500.0,10040,2.464,0.84,"종가베팅: 등락 +5.0%, 고저범위 78% 위치, VWAP 403,142 위","트레일링 (418,500)"
2026-09-03 09:24,2026-09-03 09:25,079650,서산,ORB,158,7370,7390,476,0.041,0.03,"ORB5 고가 7,350 돌파 (범위 8.2%)","트레일링 (7,410)"
2026-09-03 15:00,2026-09-04 10:00,005490,POSCO홀딩스,종가베팅,1,343500,338000,-6277,-1.827,-0.63,"종가베팅: 등락 +5.7%, 고저범위 82% 위치, VWAP 340,143 위",익일 청산 시각 10:00
2026-09-04 15:02,2026-09-07 09:01,336260,두산퓨얼셀,종가베팅,14,44050.00,46075,26874,4.358,1.48,"종가베팅: 등락 +13.1%, 고저범위 84% 위치, VWAP 42,278 위",목표 익절 +5%
2026-09-04 15:08,2026-09-07 09:01,240810,원익IPS,종가베팅,5,114800,118560,17443,3.039,1.03,"종가베팅: 등락 +9.3%, 고저범위 81% 위치, VWAP 112,661 위","트레일링 (117,900)"
2026-09-07 09:47,2026-09-07 09:55,036930,주성엔지니어링,ORB,6,189400,186600,-19376,-1.705,-1.15,"ORB5 고가 189,300 돌파 (범위 3.2%)","손절 (186,600)"
2026-09-07 15:09,2026-09-08 09:01,047040,대우건설,종가베팅,33,18370,18671.21,8527,1.407,0.47,"종가베팅: 등락 +9.0%, 고저범위 90% 위치, VWAP 17,695 위","트레일링 (18,600)"
2026-09-07 15:00,2026-09-08 09:04,000720,현대건설,종가베팅,4,126800,129750,10609,2.092,0.70,"종가베팅: 등락 +5.4%, 고저범위 90% 위치, VWAP 123,805 위","트레일링 (130,000)"
2026-09-08 09:05,2026-09-08 09:10,052690,한전기술,ORB,9,132600,136966.67,36473,3.056,2.13,"ORB5 고가 132,500 돌파 (범위 3.4%)",목표 익절 +4.0%
2026-09-08 09:06,2026-09-08 09:11,036930,주성엔지니어링,ORB,6,196500,197400,2679,0.227,0.15,"ORB5 고가 196,400 돌파 (범위 4.0%)","트레일링 (197,400)"
2026-09-09 09:06,2026-09-09 09:07,010170,대한광통신,ORB,82,15090,14860.00,-21664,-1.751,-1.20,"ORB5 고가 15,080 돌파 (범위 6.1%)","손절 (14,870)"
2026-09-09 09:14,2026-09-09 09:15,327260,RF머트리얼즈,ORB,31,39450,39500,-1265,-0.103,-0.07,"ORB5 고가 39,300 돌파 (범위 7.7%)","본절 (39,550)"
2026-09-10 09:05,2026-09-10 09:06,024060,흥구석유,ORB,90,13410,13640.00,17883,1.482,0.99,"ORB5 고가 13,340 돌파 (범위 4.9%)","트레일링 (13,570)"
2026-09-09 15:00,2026-09-10 09:08,128940,한미약품,종가베팅,1,493000,478500,-15601,-3.165,-1.08,"종가베팅: 등락 +5.5%, 고저범위 95% 위치, VWAP 480,990 위","손절 (478,500)"
2026-09-10 09:22,2026-09-10 09:24,032940,원익,ORB,111,11190,11344.32,14239,1.146,0.80,"ORB5 고가 11,160 돌파 (범위 9.4%)","트레일링 (11,290)"
2026-09-09 15:00,2026-09-10 10:00,373220,LG에너지솔루션,종가베팅,1,370000,367500,-3345,-0.904,-0.30,"종가베팅: 등락 +5.4%, 고저범위 94% 위치, VWAP 360,776 위",익일 청산 시각 10:00
2026-09-10 15:00,2026-09-11 09:01,440110,파두,종가베팅,7,79500,76000,-25726,-4.623,-1.60,"종가베팅: 등락 +6.9%, 고저범위 95% 위치, VWAP 74,802 위","손절 (77,200)"
2026-09-10 15:00,2026-09-11 09:01,000990,DB하이텍,종가베팅,5,118000,111800,-32289,-5.473,-1.85,"종가베팅: 등락 +6.4%, 고저범위 81% 위치, VWAP 115,345 위","손절 (114,500)"
2026-09-11 09:08,2026-09-11 09:09,064550,바이오니아,ORB,111,10710,10550.00,-20455,-1.721,-1.15,"ORB5 고가 10,700 돌파 (범위 6.9%)","손절 (10,550)"
2026-09-11 09:48,2026-09-11 09:49,356680,엑스게이트,ORB,90,13960,13720,-24442,-1.945,-1.36,"ORB5 고가 13,900 돌파 (범위 9.5%)","손절 (13,760)"
2026-09-11 15:00,2026-09-14 09:01,488280,에스투더블유,종가베팅,42,14990,16870,77343,12.285,4.19,"종가베팅: 등락 +14.9%, 고저범위 87% 위치, VWAP 14,192 위",목표 익절 +5%
2026-09-11 15:00,2026-09-14 09:01,052690,한전기술,종가베팅,4,152400,147500.0,-20959,-3.438,-1.16,"종가베팅: 등락 +4.6%, 고저범위 82% 위치, VWAP 149,520 위","손절 (147,900)"
2026-09-14 09:05,2026-09-14 09:05,356680,엑스게이트,ORB,69,17800,17500.0,-23480,-1.912,-1.31,"ORB5 고가 17,760 돌파 (범위 9.4%)","손절 (17,540)"
2026-09-14 15:00,2026-09-15 09:02,093370,후성,종가베팅,43,14140,13710,-19848,-3.264,-1.10,"종가베팅: 등락 +6.2%, 고저범위 94% 위치, VWAP 13,829 위","손절 (13,720)"
2026-09-15 09:05,2026-09-15 09:06,001820,삼화콘덴서,ORB,8,146800,144500,-21061,-1.793,-1.20,"ORB5 고가 146,700 돌파 (범위 6.8%)","손절 (144,600)"
2026-09-15 09:09,2026-09-15 09:11,096770,SK이노베이션,ORB,8,144100,141800,-21010,-1.823,-1.25,"ORB5 고가 144,000 돌파 (범위 3.7%)","손절 (142,000)"
2026-09-15 09:11,2026-09-15 09:15,014950,삼익제약,ORB,111,10790,11120.90,33899,2.830,1.91,"ORB5 고가 10,700 돌파 (범위 9.2%)",목표 익절 +4.0%
2026-09-14 15:00,2026-09-15 10:00,316140,우리금융지주,종가베팅,16,36700,36050,-11727,-1.997,-0.67,"종가베팅: 등락 +5.0%, 고저범위 89% 위치, VWAP 36,170 위",익일 청산 시각 10:00
2026-09-16 09:06,2026-09-16 09:07,062970,한국첨단소재,ORB,313,3745,3675,-24557,-2.095,-1.43,"ORB5 고가 3,705 돌파 (범위 7.1%)","손절 (3,690)"
2026-09-16 09:05,2026-09-16 09:07,069540,빛과전자,ORB,268,4510,4445,-20161,-1.668,-1.16,"ORB5 고가 4,500 돌파 (범위 9.8%)","손절 (4,445)"
2026-09-15 15:00,2026-09-16 10:00,373220,LG에너지솔루션,종가베팅,1,368500,374000,4641,1.259,0.42,"종가베팅: 등락 +5.0%, 고저범위 88% 위치, VWAP 362,056 위",익일 청산 시각 10:00
2026-09-15 15:00,2026-09-16 10:00,086520,에코프로,종가베팅,7,84600,83150,-11489,-1.940,-0.66,"종가베팅: 등락 +5.4%, 고저범위 87% 위치, VWAP 83,212 위",익일 청산 시각 10:00
2026-09-16 15:00,2026-09-17 09:01,000990,DB하이텍,종가베팅,4,124300,130900,25201,5.069,1.70,"종가베팅: 등락 +3.8%, 고저범위 98% 위치, VWAP 120,618 위",목표 익절 +5%
2026-09-17 09:05,2026-09-17 09:10,067310,하나마이크론,ORB,31,38400,37850,-19750,-1.659,-1.16,"ORB5 고가 38,300 돌파 (범위 7.7%)","손절 (37,850)"
2026-09-18 09:05,2026-09-18 09:05,005690,파미셀,ORB,93,12810,12620.0,-20371,-1.710,-1.15,"ORB5 고가 12,800 돌파 (범위 5.8%)","손절 (12,620)"
2026-09-18 09:07,2026-09-18 09:10,010170,대한광통신,ORB,69,17430,17170,-20666,-1.718,-1.15,"ORB5 고가 17,410 돌파 (범위 7.7%)","손절 (17,170)"
2026-09-21 09:05,2026-09-21 09:05,032820,우리기술,ORB,81,14790,14550,-22152,-1.849,-1.24,"ORB5 고가 14,780 돌파 (범위 6.6%)","손절 (14,570)"
2026-09-21 09:06,2026-09-21 09:08,001820,삼화콘덴서,ORB,7,154600,152300.0,-18553,-1.714,-1.15,"ORB5 고가 154,500 돌파 (범위 5.2%)","손절 (152,300)"
2026-09-21 15:00,2026-09-22 09:03,028260,삼성물산,종가베팅,1,368500,379500,10130,2.749,0.92,"종가베팅: 등락 +4.2%, 고저범위 94% 위치, VWAP 364,776 위","트레일링 (379,500)"
2026-09-22 09:05,2026-09-22 09:06,001820,삼화콘덴서,ORB,7,157100,154700,-19291,-1.754,-1.20,"ORB5 고가 156,800 돌파 (범위 4.5%)","손절 (154,800)"
2026-09-22 09:05,2026-09-22 09:12,222800,심텍,ORB,8,147300,150450,22438,1.904,1.27,"ORB5 고가 147,200 돌파 (범위 6.4%)","트레일링 (150,600)"
2026-09-22 09:06,2026-09-22 09:13,353200,대덕전자,ORB,10,116800,117300,2304,0.197,0.14,"ORB5 고가 116,500 돌파 (범위 6.1%)","트레일링 (117,300)"
2026-09-21 15:00,2026-09-22 10:00,000990,DB하이텍,종가베팅,4,131800,133300,4777,0.906,0.31,"종가베팅: 등락 +4.6%, 고저범위 93% 위치, VWAP 127,882 위",익일 청산 시각 10:00
2026-09-22 15:00,2026-09-23 09:04,058470,리노공업,종가베팅,8,76300,76000,-3795,-0.622,-0.22,"종가베팅: 등락 +8.2%, 고저범위 89% 위치, VWAP 74,216 위","손절 (74,100)"
2026-09-23 09:05,2026-09-23 09:08,093370,후성,ORB,80,14740,14945,13654,1.158,0.78,"ORB5 고가 14,730 돌파 (범위 7.1%)","트레일링 (14,860)"
2026-09-23 09:05,2026-09-23 09:09,356680,엑스게이트,ORB,64,18900,19175.00,14783,1.222,0.82,"ORB5 고가 18,830 돌파 (범위 7.6%)","트레일링 (19,090)"
2026-09-23 09:17,2026-09-23 09:20,240810,원익IPS,ORB,8,140000,140500,1416,0.126,0.08,"ORB5 고가 139,700 돌파 (범위 5.7%)","트레일링 (140,500)"
