symbol,name,market,securityType,isCommonShare
000020,000020,,STOCK,1
000040,000040,,STOCK,1
000050,000050,,STOCK,1
000070,000070,,STOCK,1
000080,000080,,STOCK,1
000100,000100,,STOCK,1
000120,000120,,STOCK,1
000140,000140,,STOCK,1
000150,000150,,STOCK,1
000180,000180,,STOCK,1
0001A0,0001A0,,STOCK,1
000210,000210,,STOCK,1
000220,000220,,STOCK,1
000230,000230,,STOCK,1
000240,000240,,STOCK,1
000250,000250,,STOCK,1
000270,000270,,STOCK,1
000300,000300,,STOCK,1
000320,000320,,STOCK,1
000370,000370,,STOCK,1
000390,000390,,STOCK,1
000400,000400,,STOCK,1
000430,000430,,STOCK,1
000440,000440,,STOCK,1
000480,000480,,STOCK,1
000490,000490,,STOCK,1
0004V0,0004V0,,STOCK,1
0004Y0,0004Y0,,STOCK,1
000500,000500,,STOCK,1
000520,000520,,STOCK,1
000540,000540,,STOCK,1
000590,000590,,STOCK,1
000640,000640,,STOCK,1
000650,000650,,STOCK,1
000660,000660,,STOCK,1
000670,000670,,STOCK,1
000680,000680,,STOCK,1
000700,000700,,STOCK,1
000720,000720,,STOCK,1
000760,000760,,STOCK,1
0007C0,0007C0,,STOCK,1
0007J0,0007J0,,STOCK,1
000810,000810,,STOCK,1
000850,000850,,STOCK,1
000860,000860,,STOCK,1
000880,000880,,STOCK,1
000890,000890,,STOCK,1
0008Z0,0008Z0,,STOCK,1
000910,000910,,STOCK,1
000950,000950,,STOCK,1
000970,000970,,STOCK,1
000990,000990,,STOCK,1
0009K0,0009K0,,STOCK,1
001000,001000,,STOCK,1
001020,001020,,STOCK,1
001040,001040,,STOCK,1
001060,001060,,STOCK,1
001070,001070,,STOCK,1
001080,001080,,STOCK,1
0010F0,0010F0,,STOCK,1
0010S0,0010S0,,STOCK,1
0010V0,0010V0,,STOCK,1
001120,001120,,STOCK,1
001130,001130,,STOCK,1
0011A0,0011A0,,STOCK,1
0011T0,0011T0,,STOCK,1
001200,001200,,STOCK,1
001210,001210,,STOCK,1
001230,001230,,STOCK,1
001250,001250,,STOCK,1
001260,001260,,STOCK,1
001270,001270,,STOCK,1
001290,001290,,STOCK,1
001340,001340,,STOCK,1
001360,001360,,STOCK,1
001380,001380,,STOCK,1
001390,001390,,STOCK,1
0013V0,0013V0,,STOCK,1
001420,001420,,STOCK,1
001430,001430,,STOCK,1
001440,001440,,STOCK,1
001450,001450,,STOCK,1
001460,001460,,STOCK,1
001470,001470,,STOCK,1
001500,001500,,STOCK,1
001510,001510,,STOCK,1
001520,001520,,STOCK,1
001530,001530,,STOCK,1
001540,001540,,STOCK,1
001550,001550,,STOCK,1
001560,001560,,STOCK,1
001570,001570,,STOCK,1
0015G0,0015G0,,STOCK,1
0015N0,0015N0,,STOCK,1
0015S0,0015S0,,STOCK,1
001620,001620,,STOCK,1
001630,001630,,STOCK,1
001680,001680,,STOCK,1
001720,001720,,STOCK,1
001740,001740,,STOCK,1
001750,001750,,STOCK,1
001770,001770,,STOCK,1
001780,001780,,STOCK,1
001790,001790,,STOCK,1
0017J0,0017J0,,STOCK,1
001800,001800,,STOCK,1
001810,001810,,STOCK,1
001820,001820,,STOCK,1
001840,001840,,STOCK,1
001940,001940,,STOCK,1
002020,002020,,STOCK,1
002030,002030,,STOCK,1
002070,002070,,STOCK,1
002100,002100,,STOCK,1
002140,002140,,STOCK,1
002150,002150,,STOCK,1
002170,002170,,STOCK,1
002200,002200,,STOCK,1
002210,002210,,STOCK,1
002220,002220,,STOCK,1
002230,002230,,STOCK,1
002240,002240,,STOCK,1
002290,002290,,STOCK,1
002310,002310,,STOCK,1
002320,002320,,STOCK,1
002350,002350,,STOCK,1
002360,002360,,STOCK,1
002380,002380,,STOCK,1
002390,002390,,STOCK,1
002410,002410,,STOCK,1
002420,002420,,STOCK,1
002450,002450,,STOCK,1
002460,002460,,STOCK,1
002600,002600,,STOCK,1
002620,002620,,STOCK,1
002630,002630,,STOCK,1
002680,002680,,STOCK,1
002690,002690,,STOCK,1
002700,002700,,STOCK,1
002710,002710,,STOCK,1
002720,002720,,STOCK,1
002760,002760,,STOCK,1
002780,002780,,STOCK,1
002790,002790,,STOCK,1
002800,002800,,STOCK,1
002810,002810,,STOCK,1
002820,002820,,STOCK,1
002840,002840,,STOCK,1
002870,002870,,STOCK,1
002880,002880,,STOCK,1
002900,002900,,STOCK,1
002920,002920,,STOCK,1
002960,002960,,STOCK,1
002990,002990,,STOCK,1
003000,003000,,STOCK,1
003010,003010,,STOCK,1
003030,003030,,STOCK,1
003060,003060,,STOCK,1
003070,003070,,STOCK,1
003080,003080,,STOCK,1
003090,003090,,STOCK,1
003100,003100,,STOCK,1
003120,003120,,STOCK,1
003160,003160,,STOCK,1
003200,003200,,STOCK,1
003220,003220,,STOCK,1
003230,003230,,STOCK,1
003240,003240,,STOCK,1
003280,003280,,STOCK,1
003300,003300,,STOCK,1
003310,003310,,STOCK,1
003350,003350,,STOCK,1
003380,003380,,STOCK,1
003460,003460,,STOCK,1
003470,003470,,STOCK,1
003480,003480,,STOCK,1
003490,003490,,STOCK,1
003520,003520,,STOCK,1
003530,003530,,STOCK,1
003540,003540,,STOCK,1
003550,003550,,STOCK,1
003570,003570,,STOCK,1
003580,003580,,STOCK,1
003610,003610,,STOCK,1
003620,003620,,STOCK,1
003650,003650,,STOCK,1
003670,003670,,STOCK,1
003680,003680,,STOCK,1
003690,003690,,STOCK,1
003720,003720,,STOCK,1
003780,003780,,STOCK,1
0037T0,0037T0,,STOCK,1
003800,003800,,STOCK,1
003830,003830,,STOCK,1
003850,003850,,STOCK,1
003920,003920,,STOCK,1
003960,003960,,STOCK,1
0039P0,0039P0,,STOCK,1
004000,004000,,STOCK,1
004020,004020,,STOCK,1
004060,004060,,STOCK,1
004080,004080,,STOCK,1
004090,004090,,STOCK,1
004100,004100,,STOCK,1
004140,004140,,STOCK,1
004150,004150,,STOCK,1
004170,004170,,STOCK,1
0041B0,0041B0,,STOCK,1
0041J0,0041J0,,STOCK,1
0041L0,0041L0,,STOCK,1
004250,004250,,STOCK,1
004270,004270,,STOCK,1
004310,004310,,STOCK,1
004360,004360,,STOCK,1
004370,004370,,STOCK,1
004380,004380,,STOCK,1
004410,004410,,STOCK,1
004430,004430,,STOCK,1
004440,004440,,STOCK,1
004450,004450,,STOCK,1
004490,004490,,STOCK,1
0044K0,0044K0,,STOCK,1
004540,004540,,STOCK,1
004560,004560,,STOCK,1
004590,004590,,STOCK,1
004650,004650,,STOCK,1
004690,004690,,STOCK,1
004700,004700,,STOCK,1
004710,004710,,STOCK,1
004720,004720,,STOCK,1
004770,004770,,STOCK,1
004780,004780,,STOCK,1
004800,004800,,STOCK,1
004830,004830,,STOCK,1
004840,004840,,STOCK,1
004870,004870,,STOCK,1
004890,004890,,STOCK,1
004910,004910,,STOCK,1
004920,004920,,STOCK,1
004960,004960,,STOCK,1
004970,004970,,STOCK,1
004980,004980,,STOCK,1
004990,004990,,STOCK,1
005010,005010,,STOCK,1
005030,005030,,STOCK,1
005070,005070,,STOCK,1
005090,005090,,STOCK,1
005110,005110,,STOCK,1
005160,005160,,STOCK,1
005180,005180,,STOCK,1
005250,005250,,STOCK,1
005290,005290,,STOCK,1
005300,005300,,STOCK,1
005320,005320,,STOCK,1
005360,005360,,STOCK,1
005380,005380,,STOCK,1
005420,005420,,STOCK,1
005430,005430,,STOCK,1
005440,005440,,STOCK,1
005490,005490,,STOCK,1
0054V0,0054V0,,STOCK,1
005500,005500,,STOCK,1
005610,005610,,STOCK,1
005670,005670,,STOCK,1
005680,005680,,STOCK,1
005690,005690,,STOCK,1
005710,005710,,STOCK,1
005720,005720,,STOCK,1
005740,005740,,STOCK,1
005750,005750,,STOCK,1
005800,005800,,STOCK,1
005810,005810,,STOCK,1
005820,005820,,STOCK,1
005830,005830,,STOCK,1
005850,005850,,STOCK,1
005860,005860,,STOCK,1
005870,005870,,STOCK,1
005880,005880,,STOCK,1
005930,005930,,STOCK,1
005940,005940,,STOCK,1
005950,005950,,STOCK,1
005960,005960,,STOCK,1
005990,005990,,STOCK,1
006040,006040,,STOCK,1
006050,006050,,STOCK,1
006060,006060,,STOCK,1
006090,006090,,STOCK,1
006110,006110,,STOCK,1
006120,006120,,STOCK,1
006140,006140,,STOCK,1
006200,006200,,STOCK,1
006220,006220,,STOCK,1
006260,006260,,STOCK,1
006280,006280,,STOCK,1
006340,006340,,STOCK,1
006360,006360,,STOCK,1
006370,006370,,STOCK,1
006400,006400,,STOCK,1
006490,006490,,STOCK,1
006570,006570,,STOCK,1
006620,006620,,STOCK,1
006650,006650,,STOCK,1
006660,006660,,STOCK,1
006730,006730,,STOCK,1
006740,006740,,STOCK,1
006800,006800,,STOCK,1
006840,006840,,STOCK,1
006880,006880,,STOCK,1
006890,006890,,STOCK,1
0068Y0,0068Y0,,STOCK,1
006910,006910,,STOCK,1
006920,006920,,STOCK,1
006980,006980,,STOCK,1
007070,007070,,STOCK,1
007110,007110,,STOCK,1
007120,007120,,STOCK,1
007160,007160,,STOCK,1
0071M0,0071M0,,STOCK,1
007210,007210,,STOCK,1
007280,007280,,STOCK,1
0072Z0,0072Z0,,STOCK,1
007310,007310,,STOCK,1
007330,007330,,STOCK,1
007340,007340,,STOCK,1
007370,007370,,STOCK,1
007390,007390,,STOCK,1
007460,007460,,STOCK,1
007530,007530,,STOCK,1
007540,007540,,STOCK,1
007570,007570,,STOCK,1
007590,007590,,STOCK,1
007610,007610,,STOCK,1
007660,007660,,STOCK,1
007680,007680,,STOCK,1
007690,007690,,STOCK,1
007700,007700,,STOCK,1
007720,007720,,STOCK,1
007770,007770,,STOCK,1
007810,007810,,STOCK,1
007820,007820,,STOCK,1
007860,007860,,STOCK,1
007980,007980,,STOCK,1
008040,008040,,STOCK,1
008060,008060,,STOCK,1
008250,008250,,STOCK,1
008260,008260,,STOCK,1
0082N0,0082N0,,STOCK,1
008350,008350,,STOCK,1
008370,008370,,STOCK,1
008420,008420,,STOCK,1
008470,008470,,STOCK,1
008490,008490,,STOCK,1
008600,008600,,STOCK,1
008700,008700,,STOCK,1
008730,008730,,STOCK,1
008770,008770,,STOCK,1
008830,008830,,STOCK,1
008870,008870,,STOCK,1
0088D0,0088D0,,STOCK,1
0088M0,0088M0,,STOCK,1
008930,008930,,STOCK,1
008970,008970,,STOCK,1
009070,009070,,STOCK,1
009140,009140,,STOCK,1
009150,009150,,STOCK,1
009160,009160,,STOCK,1
009180,009180,,STOCK,1
009190,009190,,STOCK,1
0091W0,0091W0,,STOCK,1
009200,009200,,STOCK,1
009240,009240,,STOCK,1
009270,009270,,STOCK,1
009290,009290,,STOCK,1
009300,009300,,STOCK,1
009310,009310,,STOCK,1
009320,009320,,STOCK,1
0093G0,0093G0,,STOCK,1
009410,009410,,STOCK,1
009420,009420,,STOCK,1
009440,009440,,STOCK,1
009450,009450,,STOCK,1
009460,009460,,STOCK,1
009470,009470,,STOCK,1
009520,009520,,STOCK,1
009540,009540,,STOCK,1
009580,009580,,STOCK,1
009620,009620,,STOCK,1
009680,009680,,STOCK,1
0096B0,0096B0,,STOCK,1
0096D0,0096D0,,STOCK,1
009730,009730,,STOCK,1
009770,009770,,STOCK,1
009780,009780,,STOCK,1
0097F0,0097F0,,STOCK,1
009810,009810,,STOCK,1
009830,009830,,STOCK,1
0098T0,0098T0,,STOCK,1
009900,009900,,STOCK,1
009970,009970,,STOCK,1
0099W0,0099W0,,STOCK,1
0099X0,0099X0,,STOCK,1
010040,010040,,STOCK,1
010060,010060,,STOCK,1
010100,010100,,STOCK,1
010120,010120,,STOCK,1
010130,010130,,STOCK,1
010140,010140,,STOCK,1
010170,010170,,STOCK,1
0101C0,0101C0,,STOCK,1
010240,010240,,STOCK,1
010280,010280,,STOCK,1
010400,010400,,STOCK,1
010470,010470,,STOCK,1
010580,010580,,STOCK,1
0105P0,0105P0,,STOCK,1
010640,010640,,STOCK,1
010660,010660,,STOCK,1
010690,010690,,STOCK,1
010770,010770,,STOCK,1
010780,010780,,STOCK,1
010820,010820,,STOCK,1
010950,010950,,STOCK,1
010960,010960,,STOCK,1
011000,011000,,STOCK,1
011040,011040,,STOCK,1
011070,011070,,STOCK,1
011080,011080,,STOCK,1
011090,011090,,STOCK,1
011150,011150,,STOCK,1
011170,011170,,STOCK,1
011200,011200,,STOCK,1
011210,011210,,STOCK,1
011230,011230,,STOCK,1
011280,011280,,STOCK,1
011300,011300,,STOCK,1
011320,011320,,STOCK,1
011330,011330,,STOCK,1
011370,011370,,STOCK,1
011390,011390,,STOCK,1
011420,011420,,STOCK,1
011500,011500,,STOCK,1
011560,011560,,STOCK,1
0115H0,0115H0,,STOCK,1
011690,011690,,STOCK,1
011700,011700,,STOCK,1
011760,011760,,STOCK,1
011780,011780,,STOCK,1
011790,011790,,STOCK,1
0117P0,0117P0,,STOCK,1
011810,011810,,STOCK,1
011930,011930,,STOCK,1
012030,012030,,STOCK,1
0120G0,0120G0,,STOCK,1
012160,012160,,STOCK,1
012170,012170,,STOCK,1
012200,012200,,STOCK,1
012210,012210,,STOCK,1
012280,012280,,STOCK,1
012320,012320,,STOCK,1
012330,012330,,STOCK,1
012340,012340,,STOCK,1
012450,012450,,STOCK,1
012610,012610,,STOCK,1
012620,012620,,STOCK,1
012630,012630,,STOCK,1
012690,012690,,STOCK,1
0126Z0,0126Z0,,STOCK,1
012700,012700,,STOCK,1
012750,012750,,STOCK,1
012790,012790,,STOCK,1
012800,012800,,STOCK,1
012860,012860,,STOCK,1
0129K0,0129K0,,STOCK,1
013000,013000,,STOCK,1
013030,013030,,STOCK,1
0130D0,0130D0,,STOCK,1
0130H0,0130H0,,STOCK,1
013120,013120,,STOCK,1
0131D0,0131D0,,STOCK,1
0132G0,0132G0,,STOCK,1
013310,013310,,STOCK,1
013360,013360,,STOCK,1
0134X0,0134X0,,STOCK,1
013520,013520,,STOCK,1
013570,013570,,STOCK,1
013580,013580,,STOCK,1
013700,013700,,STOCK,1
013720,013720,,STOCK,1
013810,013810,,STOCK,1
013870,013870,,STOCK,1
013890,013890,,STOCK,1
013990,013990,,STOCK,1
014100,014100,,STOCK,1
014130,014130,,STOCK,1
014160,014160,,STOCK,1
014190,014190,,STOCK,1
014280,014280,,STOCK,1
014440,014440,,STOCK,1
014470,014470,,STOCK,1
014530,014530,,STOCK,1
014570,014570,,STOCK,1
014580,014580,,STOCK,1
014620,014620,,STOCK,1
014680,014680,,STOCK,1
014710,014710,,STOCK,1
014790,014790,,STOCK,1
014820,014820,,STOCK,1
014830,014830,,STOCK,1
014910,014910,,STOCK,1
014940,014940,,STOCK,1
014950,014950,,STOCK,1
014970,014970,,STOCK,1
014990,014990,,STOCK,1
015020,015020,,STOCK,1
015230,015230,,STOCK,1
015260,015260,,STOCK,1
015360,015360,,STOCK,1
015590,015590,,STOCK,1
0155E0,0155E0,,STOCK,1
0156T0,0156T0,,STOCK,1
015710,015710,,STOCK,1
015750,015750,,STOCK,1
015760,015760,,STOCK,1
015860,015860,,STOCK,1
015890,015890,,STOCK,1
016090,016090,,STOCK,1
016100,016100,,STOCK,1
0161M0,0161M0,,STOCK,1
016250,016250,,STOCK,1
016360,016360,,STOCK,1
016380,016380,,STOCK,1
016450,016450,,STOCK,1
0164H0,0164H0,,STOCK,1
016580,016580,,STOCK,1
016590,016590,,STOCK,1
0165X0,0165X0,,STOCK,1
016600,016600,,STOCK,1
016610,016610,,STOCK,1
016670,016670,,STOCK,1
016710,016710,,STOCK,1
016740,016740,,STOCK,1
016790,016790,,STOCK,1
016800,016800,,STOCK,1
016880,016880,,STOCK,1
016920,016920,,STOCK,1
017000,017000,,STOCK,1
017040,017040,,STOCK,1
017180,017180,,STOCK,1
017250,017250,,STOCK,1
017370,017370,,STOCK,1
017390,017390,,STOCK,1
017480,017480,,STOCK,1
017510,017510,,STOCK,1
017550,017550,,STOCK,1
017650,017650,,STOCK,1
017670,017670,,STOCK,1
017800,017800,,STOCK,1
017810,017810,,STOCK,1
017860,017860,,STOCK,1
017890,017890,,STOCK,1
017900,017900,,STOCK,1
017940,017940,,STOCK,1
017960,017960,,STOCK,1
018000,018000,,STOCK,1
018120,018120,,STOCK,1
018250,018250,,STOCK,1
018260,018260,,STOCK,1
018290,018290,,STOCK,1
018310,018310,,STOCK,1
018470,018470,,STOCK,1
018500,018500,,STOCK,1
018620,018620,,STOCK,1
018670,018670,,STOCK,1
018680,018680,,STOCK,1
018700,018700,,STOCK,1
018880,018880,,STOCK,1
019010,019010,,STOCK,1
019170,019170,,STOCK,1
019180,019180,,STOCK,1
019210,019210,,STOCK,1
019490,019490,,STOCK,1
019540,019540,,STOCK,1
019550,019550,,STOCK,1
019570,019570,,STOCK,1
019660,019660,,STOCK,1
019680,019680,,STOCK,1
019770,019770,,STOCK,1
0197V0,0197V0,,STOCK,1
019990,019990,,STOCK,1
020000,020000,,STOCK,1
0200G0,0200G0,,STOCK,1
020120,020120,,STOCK,1
020150,020150,,STOCK,1
020180,020180,,STOCK,1
020400,020400,,STOCK,1
020560,020560,,STOCK,1
020710,020710,,STOCK,1
020760,020760,,STOCK,1
0209J0,0209J0,,STOCK,1
021040,021040,,STOCK,1
021050,021050,,STOCK,1
021080,021080,,STOCK,1
021240,021240,,STOCK,1
021320,021320,,STOCK,1
021650,021650,,STOCK,1
021820,021820,,STOCK,1
021880,021880,,STOCK,1
0218L0,0218L0,,STOCK,1
0220W0,0220W0,,STOCK,1
022100,022100,,STOCK,1
022220,022220,,STOCK,1
023000,023000,,STOCK,1
023150,023150,,STOCK,1
023160,023160,,STOCK,1
023350,023350,,STOCK,1
023410,023410,,STOCK,1
023440,023440,,STOCK,1
023450,023450,,STOCK,1
023530,023530,,STOCK,1
023590,023590,,STOCK,1
023600,023600,,STOCK,1
023760,023760,,STOCK,1
023770,023770,,STOCK,1
023790,023790,,STOCK,1
023800,023800,,STOCK,1
023810,023810,,STOCK,1
023900,023900,,STOCK,1
023910,023910,,STOCK,1
023960,023960,,STOCK,1
024060,024060,,STOCK,1
024070,024070,,STOCK,1
024090,024090,,STOCK,1
024110,024110,,STOCK,1
024120,024120,,STOCK,1
024720,024720,,STOCK,1
024740,024740,,STOCK,1
024800,024800,,STOCK,1
024830,024830,,STOCK,1
024840,024840,,STOCK,1
024850,024850,,STOCK,1
024880,024880,,STOCK,1
024890,024890,,STOCK,1
024900,024900,,STOCK,1
024910,024910,,STOCK,1
024940,024940,,STOCK,1
024950,024950,,STOCK,1
025000,025000,,STOCK,1
025320,025320,,STOCK,1
025440,025440,,STOCK,1
025530,025530,,STOCK,1
025540,025540,,STOCK,1
025550,025550,,STOCK,1
025560,025560,,STOCK,1
025620,025620,,STOCK,1
025750,025750,,STOCK,1
025770,025770,,STOCK,1
025820,025820,,STOCK,1
025860,025860,,STOCK,1
025870,025870,,STOCK,1
025880,025880,,STOCK,1
025890,025890,,STOCK,1
025900,025900,,STOCK,1
025950,025950,,STOCK,1
025980,025980,,STOCK,1
026040,026040,,STOCK,1
026150,026150,,STOCK,1
026890,026890,,STOCK,1
026910,026910,,STOCK,1
026940,026940,,STOCK,1
026960,026960,,STOCK,1
027040,027040,,STOCK,1
027050,027050,,STOCK,1
027360,027360,,STOCK,1
027410,027410,,STOCK,1
027580,027580,,STOCK,1
027710,027710,,STOCK,1
027740,027740,,STOCK,1
027830,027830,,STOCK,1
027970,027970,,STOCK,1
028050,028050,,STOCK,1
028080,028080,,STOCK,1
028100,028100,,STOCK,1
028260,028260,,STOCK,1
028300,028300,,STOCK,1
028670,028670,,STOCK,1
029460,029460,,STOCK,1
029480,029480,,STOCK,1
029530,029530,,STOCK,1
029780,029780,,STOCK,1
030000,030000,,STOCK,1
030190,030190,,STOCK,1
030200,030200,,STOCK,1
030210,030210,,STOCK,1
030350,030350,,STOCK,1
030520,030520,,STOCK,1
030530,030530,,STOCK,1
030610,030610,,STOCK,1
030720,030720,,STOCK,1
030960,030960,,STOCK,1
031210,031210,,STOCK,1
031310,031310,,STOCK,1
031330,031330,,STOCK,1
031430,031430,,STOCK,1
031510,031510,,STOCK,1
031820,031820,,STOCK,1
031860,031860,,STOCK,1
031980,031980,,STOCK,1
032080,032080,,STOCK,1
032190,032190,,STOCK,1
032280,032280,,STOCK,1
032300,032300,,STOCK,1
032350,032350,,STOCK,1
032500,032500,,STOCK,1
032540,032540,,STOCK,1
032560,032560,,STOCK,1
032580,032580,,STOCK,1
032620,032620,,STOCK,1
032640,032640,,STOCK,1
032680,032680,,STOCK,1
032750,032750,,STOCK,1
032790,032790,,STOCK,1
032800,032800,,STOCK,1
032820,032820,,STOCK,1
032830,032830,,STOCK,1
032850,032850,,STOCK,1
032860,032860,,STOCK,1
032940,032940,,STOCK,1
032960,032960,,STOCK,1
033050,033050,,STOCK,1
033100,033100,,STOCK,1
033130,033130,,STOCK,1
033160,033160,,STOCK,1
033170,033170,,STOCK,1
033200,033200,,STOCK,1
033230,033230,,STOCK,1
033240,033240,,STOCK,1
033250,033250,,STOCK,1
033270,033270,,STOCK,1
033290,033290,,STOCK,1
033310,033310,,STOCK,1
033320,033320,,STOCK,1
033340,033340,,STOCK,1
033500,033500,,STOCK,1
033530,033530,,STOCK,1
033540,033540,,STOCK,1
033560,033560,,STOCK,1
033640,033640,,STOCK,1
033780,033780,,STOCK,1
033790,033790,,STOCK,1
033830,033830,,STOCK,1
033920,033920,,STOCK,1
034020,034020,,STOCK,1
034120,034120,,STOCK,1
034220,034220,,STOCK,1
034230,034230,,STOCK,1
034310,034310,,STOCK,1
034590,034590,,STOCK,1
034730,034730,,STOCK,1
034810,034810,,STOCK,1
034830,034830,,STOCK,1
034940,034940,,STOCK,1
034950,034950,,STOCK,1
035000,035000,,STOCK,1
035080,035080,,STOCK,1
035150,035150,,STOCK,1
035200,035200,,STOCK,1
035250,035250,,STOCK,1
035290,035290,,STOCK,1
035420,035420,,STOCK,1
035460,035460,,STOCK,1
035510,035510,,STOCK,1
035600,035600,,STOCK,1
035610,035610,,STOCK,1
035620,035620,,STOCK,1
035720,035720,,STOCK,1
035760,035760,,STOCK,1
035810,035810,,STOCK,1
035890,035890,,STOCK,1
035900,035900,,STOCK,1
036000,036000,,STOCK,1
036010,036010,,STOCK,1
036030,036030,,STOCK,1
036090,036090,,STOCK,1
036120,036120,,STOCK,1
036170,036170,,STOCK,1
036190,036190,,STOCK,1
036200,036200,,STOCK,1
036220,036220,,STOCK,1
036420,036420,,STOCK,1
036460,036460,,STOCK,1
036480,036480,,STOCK,1
036530,036530,,STOCK,1
036540,036540,,STOCK,1
036560,036560,,STOCK,1
036570,036570,,STOCK,1
036580,036580,,STOCK,1
036620,036620,,STOCK,1
036630,036630,,STOCK,1
036640,036640,,STOCK,1
036670,036670,,STOCK,1
036690,036690,,STOCK,1
036710,036710,,STOCK,1
036800,036800,,STOCK,1
036810,036810,,STOCK,1
036830,036830,,STOCK,1
036890,036890,,STOCK,1
036930,036930,,STOCK,1
037030,037030,,STOCK,1
037070,037070,,STOCK,1
037230,037230,,STOCK,1
037270,037270,,STOCK,1
037330,037330,,STOCK,1
037350,037350,,STOCK,1
037370,037370,,STOCK,1
037400,037400,,STOCK,1
037440,037440,,STOCK,1
037460,037460,,STOCK,1
037560,037560,,STOCK,1
037710,037710,,STOCK,1
037760,037760,,STOCK,1
037950,037950,,STOCK,1
038010,038010,,STOCK,1
038060,038060,,STOCK,1
038070,038070,,STOCK,1
038110,038110,,STOCK,1
038290,038290,,STOCK,1
038390,038390,,STOCK,1
038460,038460,,STOCK,1
038500,038500,,STOCK,1
038530,038530,,STOCK,1
038540,038540,,STOCK,1
038620,038620,,STOCK,1
038680,038680,,STOCK,1
038870,038870,,STOCK,1
038880,038880,,STOCK,1
038950,038950,,STOCK,1
039010,039010,,STOCK,1
039020,039020,,STOCK,1
039030,039030,,STOCK,1
039130,039130,,STOCK,1
039200,039200,,STOCK,1
039240,039240,,STOCK,1
039290,039290,,STOCK,1
039310,039310,,STOCK,1
039340,039340,,STOCK,1
039420,039420,,STOCK,1
039440,039440,,STOCK,1
039490,039490,,STOCK,1
039560,039560,,STOCK,1
039570,039570,,STOCK,1
039610,039610,,STOCK,1
039740,039740,,STOCK,1
039830,039830,,STOCK,1
039840,039840,,STOCK,1
039860,039860,,STOCK,1
039980,039980,,STOCK,1
040160,040160,,STOCK,1
040300,040300,,STOCK,1
040350,040350,,STOCK,1
040420,040420,,STOCK,1
040610,040610,,STOCK,1
040910,040910,,STOCK,1
041020,041020,,STOCK,1
041190,041190,,STOCK,1
041440,041440,,STOCK,1
041460,041460,,STOCK,1
041510,041510,,STOCK,1
041520,041520,,STOCK,1
041590,041590,,STOCK,1
041650,041650,,STOCK,1
041830,041830,,STOCK,1
041910,041910,,STOCK,1
041920,041920,,STOCK,1
041930,041930,,STOCK,1
041960,041960,,STOCK,1
042000,042000,,STOCK,1
042040,042040,,STOCK,1
042110,042110,,STOCK,1
042370,042370,,STOCK,1
042420,042420,,STOCK,1
042500,042500,,STOCK,1
042510,042510,,STOCK,1
042520,042520,,STOCK,1
042600,042600,,STOCK,1
042660,042660,,STOCK,1
042700,042700,,STOCK,1
042940,042940,,STOCK,1
043100,043100,,STOCK,1
043150,043150,,STOCK,1
043200,043200,,STOCK,1
043220,043220,,STOCK,1
043260,043260,,STOCK,1
043340,043340,,STOCK,1
043360,043360,,STOCK,1
043370,043370,,STOCK,1
043590,043590,,STOCK,1
043610,043610,,STOCK,1
043650,043650,,STOCK,1
043710,043710,,STOCK,1
043910,043910,,STOCK,1
044180,044180,,STOCK,1
044340,044340,,STOCK,1
044380,044380,,STOCK,1
044450,044450,,STOCK,1
044480,044480,,STOCK,1
044490,044490,,STOCK,1
044780,044780,,STOCK,1
044820,044820,,STOCK,1
044960,044960,,STOCK,1
044990,044990,,STOCK,1
045060,045060,,STOCK,1
045100,045100,,STOCK,1
045300,045300,,STOCK,1
045340,045340,,STOCK,1
045390,045390,,STOCK,1
045510,045510,,STOCK,1
045520,045520,,STOCK,1
045660,045660,,STOCK,1
045970,045970,,STOCK,1
046120,046120,,STOCK,1
046210,046210,,STOCK,1
046310,046310,,STOCK,1
046390,046390,,STOCK,1
046440,046440,,STOCK,1
046890,046890,,STOCK,1
046940,046940,,STOCK,1
046970,046970,,STOCK,1
047040,047040,,STOCK,1
047050,047050,,STOCK,1
047080,047080,,STOCK,1
047310,047310,,STOCK,1
047400,047400,,STOCK,1
047560,047560,,STOCK,1
047770,047770,,STOCK,1
047810,047810,,STOCK,1
047820,047820,,STOCK,1
047920,047920,,STOCK,1
048410,048410,,STOCK,1
048430,048430,,STOCK,1
048470,048470,,STOCK,1
048530,048530,,STOCK,1
048550,048550,,STOCK,1
048770,048770,,STOCK,1
048830,048830,,STOCK,1
048870,048870,,STOCK,1
048910,048910,,STOCK,1
049070,049070,,STOCK,1
049080,049080,,STOCK,1
049120,049120,,STOCK,1
049180,049180,,STOCK,1
049430,049430,,STOCK,1
049470,049470,,STOCK,1
049480,049480,,STOCK,1
049520,049520,,STOCK,1
049550,049550,,STOCK,1
049630,049630,,STOCK,1
049720,049720,,STOCK,1
049800,049800,,STOCK,1
049830,049830,,STOCK,1
049950,049950,,STOCK,1
049960,049960,,STOCK,1
050090,050090,,STOCK,1
050110,050110,,STOCK,1
050120,050120,,STOCK,1
050760,050760,,STOCK,1
050860,050860,,STOCK,1
050890,050890,,STOCK,1
050960,050960,,STOCK,1
051160,051160,,STOCK,1
051360,051360,,STOCK,1
051370,051370,,STOCK,1
051380,051380,,STOCK,1
051390,051390,,STOCK,1
051490,051490,,STOCK,1
051500,051500,,STOCK,1
051600,051600,,STOCK,1
051630,051630,,STOCK,1
051780,051780,,STOCK,1
051900,051900,,STOCK,1
051910,051910,,STOCK,1
051980,051980,,STOCK,1
052020,052020,,STOCK,1
052220,052220,,STOCK,1
052260,052260,,STOCK,1
052300,052300,,STOCK,1
052330,052330,,STOCK,1
052400,052400,,STOCK,1
052420,052420,,STOCK,1
052460,052460,,STOCK,1
052600,052600,,STOCK,1
052690,052690,,STOCK,1
052710,052710,,STOCK,1
052770,052770,,STOCK,1
052790,052790,,STOCK,1
052860,052860,,STOCK,1
052900,052900,,STOCK,1
053030,053030,,STOCK,1
053050,053050,,STOCK,1
053060,053060,,STOCK,1
053080,053080,,STOCK,1
053160,053160,,STOCK,1
053210,053210,,STOCK,1
053260,053260,,STOCK,1
053270,053270,,STOCK,1
053280,053280,,STOCK,1
053290,053290,,STOCK,1
053300,053300,,STOCK,1
053350,053350,,STOCK,1
053450,053450,,STOCK,1
053580,053580,,STOCK,1
053610,053610,,STOCK,1
053620,053620,,STOCK,1
053690,053690,,STOCK,1
053700,053700,,STOCK,1
053800,053800,,STOCK,1
053950,053950,,STOCK,1
053980,053980,,STOCK,1
054040,054040,,STOCK,1
054050,054050,,STOCK,1
054090,054090,,STOCK,1
054180,054180,,STOCK,1
054210,054210,,STOCK,1
054220,054220,,STOCK,1
054300,054300,,STOCK,1
054410,054410,,STOCK,1
054450,054450,,STOCK,1
054540,054540,,STOCK,1
054620,054620,,STOCK,1
054670,054670,,STOCK,1
054780,054780,,STOCK,1
054800,054800,,STOCK,1
054920,054920,,STOCK,1
054930,054930,,STOCK,1
054940,054940,,STOCK,1
054950,054950,,STOCK,1
055490,055490,,STOCK,1
055550,055550,,STOCK,1
056080,056080,,STOCK,1
056090,056090,,STOCK,1
056190,056190,,STOCK,1
056360,056360,,STOCK,1
056700,056700,,STOCK,1
056730,056730,,STOCK,1
057030,057030,,STOCK,1
057540,057540,,STOCK,1
057680,057680,,STOCK,1
058110,058110,,STOCK,1
058400,058400,,STOCK,1
058430,058430,,STOCK,1
058450,058450,,STOCK,1
058470,058470,,STOCK,1
058610,058610,,STOCK,1
058630,058630,,STOCK,1
058650,058650,,STOCK,1
058730,058730,,STOCK,1
058820,058820,,STOCK,1
058850,058850,,STOCK,1
058860,058860,,STOCK,1
058970,058970,,STOCK,1
059090,059090,,STOCK,1
059100,059100,,STOCK,1
059120,059120,,STOCK,1
059210,059210,,STOCK,1
059270,059270,,STOCK,1
060150,060150,,STOCK,1
060230,060230,,STOCK,1
060250,060250,,STOCK,1
060260,060260,,STOCK,1
060280,060280,,STOCK,1
060310,060310,,STOCK,1
060370,060370,,STOCK,1
060380,060380,,STOCK,1
060480,060480,,STOCK,1
060540,060540,,STOCK,1
060560,060560,,STOCK,1
060570,060570,,STOCK,1
060590,060590,,STOCK,1
060720,060720,,STOCK,1
060850,060850,,STOCK,1
060900,060900,,STOCK,1
060980,060980,,STOCK,1
061040,061040,,STOCK,1
061090,061090,,STOCK,1
061250,061250,,STOCK,1
061970,061970,,STOCK,1
062040,062040,,STOCK,1
062970,062970,,STOCK,1
063080,063080,,STOCK,1
063160,063160,,STOCK,1
063170,063170,,STOCK,1
063440,063440,,STOCK,1
063570,063570,,STOCK,1
063760,063760,,STOCK,1
064090,064090,,STOCK,1
064240,064240,,STOCK,1
064260,064260,,STOCK,1
064290,064290,,STOCK,1
064350,064350,,STOCK,1
064400,064400,,STOCK,1
064480,064480,,STOCK,1
064520,064520,,STOCK,1
064550,064550,,STOCK,1
064760,064760,,STOCK,1
064800,064800,,STOCK,1
064820,064820,,STOCK,1
064850,064850,,STOCK,1
064960,064960,,STOCK,1
065060,065060,,STOCK,1
065130,065130,,STOCK,1
065150,065150,,STOCK,1
065170,065170,,STOCK,1
065350,065350,,STOCK,1
065370,065370,,STOCK,1
065420,065420,,STOCK,1
065440,065440,,STOCK,1
065450,065450,,STOCK,1
065500,065500,,STOCK,1
065510,065510,,STOCK,1
065530,065530,,STOCK,1
065570,065570,,STOCK,1
065650,065650,,STOCK,1
065660,065660,,STOCK,1
065680,065680,,STOCK,1
065690,065690,,STOCK,1
065710,065710,,STOCK,1
065770,065770,,STOCK,1
065950,065950,,STOCK,1
066130,066130,,STOCK,1
066310,066310,,STOCK,1
066360,066360,,STOCK,1
066410,066410,,STOCK,1
066430,066430,,STOCK,1
066570,066570,,STOCK,1
066590,066590,,STOCK,1
066620,066620,,STOCK,1
066670,066670,,STOCK,1
066700,066700,,STOCK,1
066790,066790,,STOCK,1
066900,066900,,STOCK,1
066910,066910,,STOCK,1
066970,066970,,STOCK,1
066980,066980,,STOCK,1
067000,067000,,STOCK,1
067010,067010,,STOCK,1
067080,067080,,STOCK,1
067160,067160,,STOCK,1
067170,067170,,STOCK,1
067280,067280,,STOCK,1
067290,067290,,STOCK,1
067310,067310,,STOCK,1
067370,067370,,STOCK,1
067390,067390,,STOCK,1
067570,067570,,STOCK,1
067630,067630,,STOCK,1
067730,067730,,STOCK,1
067770,067770,,STOCK,1
067830,067830,,STOCK,1
067900,067900,,STOCK,1
067920,067920,,STOCK,1
067990,067990,,STOCK,1
068050,068050,,STOCK,1
068100,068100,,STOCK,1
068240,068240,,STOCK,1
068270,068270,,STOCK,1
068290,068290,,STOCK,1
068330,068330,,STOCK,1
068760,068760,,STOCK,1
068790,068790,,STOCK,1
068930,068930,,STOCK,1
068940,068940,,STOCK,1
069080,069080,,STOCK,1
069140,069140,,STOCK,1
069260,069260,,STOCK,1
069330,069330,,STOCK,1
069410,069410,,STOCK,1
069460,069460,,STOCK,1
069510,069510,,STOCK,1
069540,069540,,STOCK,1
069620,069620,,STOCK,1
069640,069640,,STOCK,1
069730,069730,,STOCK,1
069920,069920,,STOCK,1
069960,069960,,STOCK,1
070300,070300,,STOCK,1
070590,070590,,STOCK,1
070960,070960,,STOCK,1
071050,071050,,STOCK,1
071090,071090,,STOCK,1
071200,071200,,STOCK,1
071280,071280,,STOCK,1
071320,071320,,STOCK,1
071670,071670,,STOCK,1
071840,071840,,STOCK,1
071850,071850,,STOCK,1
071950,071950,,STOCK,1
071970,071970,,STOCK,1
072020,072020,,STOCK,1
072130,072130,,STOCK,1
072470,072470,,STOCK,1
072710,072710,,STOCK,1
072770,072770,,STOCK,1
072870,072870,,STOCK,1
072950,072950,,STOCK,1
072990,072990,,STOCK,1
073010,073010,,STOCK,1
073110,073110,,STOCK,1
073190,073190,,STOCK,1
073240,073240,,STOCK,1
073490,073490,,STOCK,1
073540,073540,,STOCK,1
073560,073560,,STOCK,1
073570,073570,,STOCK,1
073640,073640,,STOCK,1
074430,074430,,STOCK,1
074600,074600,,STOCK,1
074610,074610,,STOCK,1
075130,075130,,STOCK,1
075180,075180,,STOCK,1
075580,075580,,STOCK,1
075970,075970,,STOCK,1
076080,076080,,STOCK,1
076610,076610,,STOCK,1
077360,077360,,STOCK,1
077500,077500,,STOCK,1
077970,077970,,STOCK,1
078000,078000,,STOCK,1
078020,078020,,STOCK,1
078070,078070,,STOCK,1
078130,078130,,STOCK,1
078140,078140,,STOCK,1
078150,078150,,STOCK,1
078160,078160,,STOCK,1
078340,078340,,STOCK,1
078350,078350,,STOCK,1
078520,078520,,STOCK,1
078590,078590,,STOCK,1
078600,078600,,STOCK,1
078860,078860,,STOCK,1
078890,078890,,STOCK,1
078930,078930,,STOCK,1
079000,079000,,STOCK,1
079160,079160,,STOCK,1
079170,079170,,STOCK,1
079190,079190,,STOCK,1
079370,079370,,STOCK,1
079430,079430,,STOCK,1
079550,079550,,STOCK,1
079650,079650,,STOCK,1
079810,079810,,STOCK,1
079900,079900,,STOCK,1
079940,079940,,STOCK,1
079950,079950,,STOCK,1
079960,079960,,STOCK,1
079970,079970,,STOCK,1
079980,079980,,STOCK,1
080010,080010,,STOCK,1
080160,080160,,STOCK,1
080220,080220,,STOCK,1
080420,080420,,STOCK,1
080470,080470,,STOCK,1
080520,080520,,STOCK,1
080530,080530,,STOCK,1
080580,080580,,STOCK,1
080720,080720,,STOCK,1
081000,081000,,STOCK,1
081150,081150,,STOCK,1
081180,081180,,STOCK,1
081580,081580,,STOCK,1
081660,081660,,STOCK,1
082210,082210,,STOCK,1
082270,082270,,STOCK,1
082740,082740,,STOCK,1
082800,082800,,STOCK,1
082850,082850,,STOCK,1
082920,082920,,STOCK,1
083310,083310,,STOCK,1
083420,083420,,STOCK,1
083450,083450,,STOCK,1
083470,083470,,STOCK,1
083500,083500,,STOCK,1
083550,083550,,STOCK,1
083640,083640,,STOCK,1
083650,083650,,STOCK,1
083660,083660,,STOCK,1
083790,083790,,STOCK,1
083930,083930,,STOCK,1
084010,084010,,STOCK,1
084110,084110,,STOCK,1
084180,084180,,STOCK,1
084370,084370,,STOCK,1
084440,084440,,STOCK,1
084650,084650,,STOCK,1
084670,084670,,STOCK,1
084680,084680,,STOCK,1
084690,084690,,STOCK,1
084730,084730,,STOCK,1
084850,084850,,STOCK,1
084870,084870,,STOCK,1
084990,084990,,STOCK,1
085310,085310,,STOCK,1
085620,085620,,STOCK,1
085660,085660,,STOCK,1
085670,085670,,STOCK,1
085810,085810,,STOCK,1
085910,085910,,STOCK,1
086040,086040,,STOCK,1
086060,086060,,STOCK,1
086280,086280,,STOCK,1
086390,086390,,STOCK,1
086450,086450,,STOCK,1
086520,086520,,STOCK,1
086670,086670,,STOCK,1
086710,086710,,STOCK,1
086790,086790,,STOCK,1
086820,086820,,STOCK,1
086890,086890,,STOCK,1
086900,086900,,STOCK,1
086960,086960,,STOCK,1
086980,086980,,STOCK,1
087010,087010,,STOCK,1
087260,087260,,STOCK,1
087600,087600,,STOCK,1
088130,088130,,STOCK,1
088280,088280,,STOCK,1
088290,088290,,STOCK,1
088340,088340,,STOCK,1
088350,088350,,STOCK,1
088390,088390,,STOCK,1
088790,088790,,STOCK,1
088800,088800,,STOCK,1
088910,088910,,STOCK,1
089010,089010,,STOCK,1
089030,089030,,STOCK,1
089140,089140,,STOCK,1
089150,089150,,STOCK,1
089230,089230,,STOCK,1
089470,089470,,STOCK,1
089590,089590,,STOCK,1
089600,089600,,STOCK,1
089790,089790,,STOCK,1
089850,089850,,STOCK,1
089860,089860,,STOCK,1
089890,089890,,STOCK,1
089970,089970,,STOCK,1
089980,089980,,STOCK,1
090080,090080,,STOCK,1
090150,090150,,STOCK,1
090350,090350,,STOCK,1
090360,090360,,STOCK,1
090370,090370,,STOCK,1
090410,090410,,STOCK,1
090430,090430,,STOCK,1
090460,090460,,STOCK,1
090470,090470,,STOCK,1
090710,090710,,STOCK,1
090850,090850,,STOCK,1
091120,091120,,STOCK,1
091340,091340,,STOCK,1
091440,091440,,STOCK,1
091580,091580,,STOCK,1
091590,091590,,STOCK,1
091700,091700,,STOCK,1
091810,091810,,STOCK,1
091970,091970,,STOCK,1
092040,092040,,STOCK,1
092070,092070,,STOCK,1
092130,092130,,STOCK,1
092190,092190,,STOCK,1
092200,092200,,STOCK,1
092220,092220,,STOCK,1
092230,092230,,STOCK,1
092300,092300,,STOCK,1
092440,092440,,STOCK,1
092460,092460,,STOCK,1
092600,092600,,STOCK,1
092730,092730,,STOCK,1
092780,092780,,STOCK,1
092790,092790,,STOCK,1
092870,092870,,STOCK,1
093050,093050,,STOCK,1
093190,093190,,STOCK,1
093240,093240,,STOCK,1
093320,093320,,STOCK,1
093370,093370,,STOCK,1
093380,093380,,STOCK,1
093520,093520,,STOCK,1
093640,093640,,STOCK,1
093920,093920,,STOCK,1
094170,094170,,STOCK,1
094280,094280,,STOCK,1
094360,094360,,STOCK,1
094480,094480,,STOCK,1
094820,094820,,STOCK,1
094840,094840,,STOCK,1
094850,094850,,STOCK,1
094860,094860,,STOCK,1
094940,094940,,STOCK,1
094970,094970,,STOCK,1
095190,095190,,STOCK,1
095270,095270,,STOCK,1
095340,095340,,STOCK,1
095500,095500,,STOCK,1
095570,095570,,STOCK,1
095610,095610,,STOCK,1
095660,095660,,STOCK,1
095700,095700,,STOCK,1
095720,095720,,STOCK,1
095910,095910,,STOCK,1
096240,096240,,STOCK,1
096250,096250,,STOCK,1
096350,096350,,STOCK,1
096530,096530,,STOCK,1
096630,096630,,STOCK,1
096690,096690,,STOCK,1
096760,096760,,STOCK,1
096770,096770,,STOCK,1
096870,096870,,STOCK,1
097230,097230,,STOCK,1
097520,097520,,STOCK,1
097780,097780,,STOCK,1
097800,097800,,STOCK,1
097870,097870,,STOCK,1
097950,097950,,STOCK,1
098070,098070,,STOCK,1
098120,098120,,STOCK,1
098460,098460,,STOCK,1
098660,098660,,STOCK,1
099190,099190,,STOCK,1
099220,099220,,STOCK,1
099320,099320,,STOCK,1
099390,099390,,STOCK,1
099410,099410,,STOCK,1
099430,099430,,STOCK,1
099440,099440,,STOCK,1
099520,099520,,STOCK,1
099750,099750,,STOCK,1
100030,100030,,STOCK,1
100090,100090,,STOCK,1
100120,100120,,STOCK,1
100130,100130,,STOCK,1
100220,100220,,STOCK,1
100250,100250,,STOCK,1
100590,100590,,STOCK,1
100660,100660,,STOCK,1
100700,100700,,STOCK,1
100790,100790,,STOCK,1
100840,100840,,STOCK,1
101000,101000,,STOCK,1
101140,101140,,STOCK,1
101160,101160,,STOCK,1
101170,101170,,STOCK,1
101240,101240,,STOCK,1
101330,101330,,STOCK,1
101360,101360,,STOCK,1
101400,101400,,STOCK,1
101490,101490,,STOCK,1
101530,101530,,STOCK,1
101670,101670,,STOCK,1
101680,101680,,STOCK,1
101730,101730,,STOCK,1
101930,101930,,STOCK,1
101970,101970,,STOCK,1
102120,102120,,STOCK,1
102260,102260,,STOCK,1
102370,102370,,STOCK,1
102460,102460,,STOCK,1
102710,102710,,STOCK,1
102940,102940,,STOCK,1
103140,103140,,STOCK,1
103230,103230,,STOCK,1
103590,103590,,STOCK,1
103840,103840,,STOCK,1
104040,104040,,STOCK,1
104200,104200,,STOCK,1
104460,104460,,STOCK,1
104480,104480,,STOCK,1
104540,104540,,STOCK,1
104620,104620,,STOCK,1
104700,104700,,STOCK,1
104830,104830,,STOCK,1
105330,105330,,STOCK,1
105550,105550,,STOCK,1
105560,105560,,STOCK,1
105630,105630,,STOCK,1
105740,105740,,STOCK,1
105760,105760,,STOCK,1
105840,105840,,STOCK,1
106080,106080,,STOCK,1
106190,106190,,STOCK,1
106240,106240,,STOCK,1
107590,107590,,STOCK,1
107600,107600,,STOCK,1
107640,107640,,STOCK,1
108230,108230,,STOCK,1
108320,108320,,STOCK,1
108380,108380,,STOCK,1
108490,108490,,STOCK,1
108670,108670,,STOCK,1
108860,108860,,STOCK,1
109070,109070,,STOCK,1
109080,109080,,STOCK,1
109610,109610,,STOCK,1
109670,109670,,STOCK,1
109740,109740,,STOCK,1
109820,109820,,STOCK,1
109860,109860,,STOCK,1
109960,109960,,STOCK,1
110020,110020,,STOCK,1
110790,110790,,STOCK,1
110990,110990,,STOCK,1
111110,111110,,STOCK,1
111380,111380,,STOCK,1
111710,111710,,STOCK,1
111770,111770,,STOCK,1
112040,112040,,STOCK,1
112290,112290,,STOCK,1
112610,112610,,STOCK,1
113810,113810,,STOCK,1
114090,114090,,STOCK,1
114190,114190,,STOCK,1
114450,114450,,STOCK,1
114630,114630,,STOCK,1
114810,114810,,STOCK,1
114840,114840,,STOCK,1
115160,115160,,STOCK,1
115180,115180,,STOCK,1
115310,115310,,STOCK,1
115440,115440,,STOCK,1
115450,115450,,STOCK,1
115480,115480,,STOCK,1
115500,115500,,STOCK,1
115530,115530,,STOCK,1
115570,115570,,STOCK,1
115610,115610,,STOCK,1
117580,117580,,STOCK,1
117670,117670,,STOCK,1
117730,117730,,STOCK,1
118000,118000,,STOCK,1
118990,118990,,STOCK,1
119500,119500,,STOCK,1
119610,119610,,STOCK,1
119650,119650,,STOCK,1
119830,119830,,STOCK,1
119850,119850,,STOCK,1
120030,120030,,STOCK,1
120110,120110,,STOCK,1
120240,120240,,STOCK,1
121440,121440,,STOCK,1
121600,121600,,STOCK,1
121800,121800,,STOCK,1
121890,121890,,STOCK,1
122310,122310,,STOCK,1
122350,122350,,STOCK,1
122450,122450,,STOCK,1
122640,122640,,STOCK,1
122690,122690,,STOCK,1
122870,122870,,STOCK,1
122900,122900,,STOCK,1
122990,122990,,STOCK,1
123010,123010,,STOCK,1
123040,123040,,STOCK,1
123330,123330,,STOCK,1
123410,123410,,STOCK,1
123420,123420,,STOCK,1
123570,123570,,STOCK,1
123690,123690,,STOCK,1
123700,123700,,STOCK,1
123750,123750,,STOCK,1
123840,123840,,STOCK,1
123860,123860,,STOCK,1
123890,123890,,STOCK,1
124500,124500,,STOCK,1
124560,124560,,STOCK,1
125020,125020,,STOCK,1
125210,125210,,STOCK,1
125490,125490,,STOCK,1
126340,126340,,STOCK,1
126560,126560,,STOCK,1
126600,126600,,STOCK,1
126640,126640,,STOCK,1
126700,126700,,STOCK,1
126720,126720,,STOCK,1
126730,126730,,STOCK,1
126880,126880,,STOCK,1
127120,127120,,STOCK,1
127710,127710,,STOCK,1
127980,127980,,STOCK,1
128540,128540,,STOCK,1
128660,128660,,STOCK,1
128820,128820,,STOCK,1
128940,128940,,STOCK,1
129260,129260,,STOCK,1
129890,129890,,STOCK,1
129920,129920,,STOCK,1
130500,130500,,STOCK,1
130580,130580,,STOCK,1
130660,130660,,STOCK,1
130740,130740,,STOCK,1
131030,131030,,STOCK,1
131090,131090,,STOCK,1
131100,131100,,STOCK,1
131180,131180,,STOCK,1
131220,131220,,STOCK,1
131290,131290,,STOCK,1
131370,131370,,STOCK,1
131400,131400,,STOCK,1
131760,131760,,STOCK,1
131970,131970,,STOCK,1
133750,133750,,STOCK,1
133820,133820,,STOCK,1
134060,134060,,STOCK,1
134380,134380,,STOCK,1
134580,134580,,STOCK,1
134790,134790,,STOCK,1
136150,136150,,STOCK,1
136410,136410,,STOCK,1
136480,136480,,STOCK,1
136490,136490,,STOCK,1
136540,136540,,STOCK,1
137080,137080,,STOCK,1
137310,137310,,STOCK,1
137400,137400,,STOCK,1
137940,137940,,STOCK,1
137950,137950,,STOCK,1
138040,138040,,STOCK,1
138070,138070,,STOCK,1
138080,138080,,STOCK,1
138360,138360,,STOCK,1
138610,138610,,STOCK,1
138930,138930,,STOCK,1
139130,139130,,STOCK,1
139480,139480,,STOCK,1
139670,139670,,STOCK,1
139990,139990,,STOCK,1
140070,140070,,STOCK,1
140410,140410,,STOCK,1
140430,140430,,STOCK,1
140520,140520,,STOCK,1
140670,140670,,STOCK,1
140860,140860,,STOCK,1
141000,141000,,STOCK,1
141080,141080,,STOCK,1
142210,142210,,STOCK,1
142280,142280,,STOCK,1
142760,142760,,STOCK,1
143160,143160,,STOCK,1
143210,143210,,STOCK,1
143240,143240,,STOCK,1
143540,143540,,STOCK,1
144510,144510,,STOCK,1
144960,144960,,STOCK,1
145020,145020,,STOCK,1
145170,145170,,STOCK,1
145210,145210,,STOCK,1
145720,145720,,STOCK,1
145990,145990,,STOCK,1
146060,146060,,STOCK,1
146320,146320,,STOCK,1
147760,147760,,STOCK,1
147830,147830,,STOCK,1
148150,148150,,STOCK,1
148250,148250,,STOCK,1
148780,148780,,STOCK,1
148930,148930,,STOCK,1
149950,149950,,STOCK,1
149980,149980,,STOCK,1
150900,150900,,STOCK,1
151860,151860,,STOCK,1
153460,153460,,STOCK,1
153490,153490,,STOCK,1
153710,153710,,STOCK,1
153890,153890,,STOCK,1
154030,154030,,STOCK,1
154040,154040,,STOCK,1
155650,155650,,STOCK,1
155660,155660,,STOCK,1
156100,156100,,STOCK,1
158430,158430,,STOCK,1
159010,159010,,STOCK,1
159580,159580,,STOCK,1
159910,159910,,STOCK,1
160190,160190,,STOCK,1
160550,160550,,STOCK,1
160980,160980,,STOCK,1
161000,161000,,STOCK,1
161390,161390,,STOCK,1
161580,161580,,STOCK,1
161890,161890,,STOCK,1
162300,162300,,STOCK,1
163280,163280,,STOCK,1
163560,163560,,STOCK,1
163730,163730,,STOCK,1
166090,166090,,STOCK,1
166480,166480,,STOCK,1
168330,168330,,STOCK,1
168360,168360,,STOCK,1
169330,169330,,STOCK,1
170030,170030,,STOCK,1
170790,170790,,STOCK,1
170900,170900,,STOCK,1
170920,170920,,STOCK,1
171010,171010,,STOCK,1
171090,171090,,STOCK,1
171120,171120,,STOCK,1
172670,172670,,STOCK,1
173130,173130,,STOCK,1
173940,173940,,STOCK,1
174900,174900,,STOCK,1
175140,175140,,STOCK,1
175250,175250,,STOCK,1
175330,175330,,STOCK,1
176750,176750,,STOCK,1
177350,177350,,STOCK,1
177830,177830,,STOCK,1
177900,177900,,STOCK,1
178320,178320,,STOCK,1
178780,178780,,STOCK,1
178920,178920,,STOCK,1
179290,179290,,STOCK,1
179530,179530,,STOCK,1
179900,179900,,STOCK,1
180400,180400,,STOCK,1
180640,180640,,STOCK,1
181710,181710,,STOCK,1
182360,182360,,STOCK,1
182400,182400,,STOCK,1
183190,183190,,STOCK,1
183300,183300,,STOCK,1
183490,183490,,STOCK,1
184230,184230,,STOCK,1
185490,185490,,STOCK,1
185750,185750,,STOCK,1
186230,186230,,STOCK,1
187220,187220,,STOCK,1
187270,187270,,STOCK,1
187420,187420,,STOCK,1
187660,187660,,STOCK,1
187790,187790,,STOCK,1
187870,187870,,STOCK,1
188040,188040,,STOCK,1
188260,188260,,STOCK,1
189300,189300,,STOCK,1
189330,189330,,STOCK,1
189690,189690,,STOCK,1
189860,189860,,STOCK,1
189980,189980,,STOCK,1
190510,190510,,STOCK,1
190650,190650,,STOCK,1
191410,191410,,STOCK,1
191420,191420,,STOCK,1
192080,192080,,STOCK,1
192250,192250,,STOCK,1
192390,192390,,STOCK,1
192400,192400,,STOCK,1
192410,192410,,STOCK,1
192440,192440,,STOCK,1
192650,192650,,STOCK,1
192820,192820,,STOCK,1
193250,193250,,STOCK,1
194370,194370,,STOCK,1
194480,194480,,STOCK,1
194700,194700,,STOCK,1
195500,195500,,STOCK,1
195870,195870,,STOCK,1
195940,195940,,STOCK,1
195990,195990,,STOCK,1
196170,196170,,STOCK,1
196300,196300,,STOCK,1
196450,196450,,STOCK,1
196490,196490,,STOCK,1
196700,196700,,STOCK,1
197140,197140,,STOCK,1
198080,198080,,STOCK,1
198440,198440,,STOCK,1
198940,198940,,STOCK,1
199430,199430,,STOCK,1
199480,199480,,STOCK,1
199550,199550,,STOCK,1
199730,199730,,STOCK,1
199800,199800,,STOCK,1
199820,199820,,STOCK,1
200130,200130,,STOCK,1
200230,200230,,STOCK,1
200350,200350,,STOCK,1
200470,200470,,STOCK,1
200670,200670,,STOCK,1
200710,200710,,STOCK,1
200780,200780,,STOCK,1
200880,200880,,STOCK,1
201490,201490,,STOCK,1
203400,203400,,STOCK,1
203450,203450,,STOCK,1
203650,203650,,STOCK,1
204020,204020,,STOCK,1
204270,204270,,STOCK,1
204320,204320,,STOCK,1
204610,204610,,STOCK,1
204620,204620,,STOCK,1
204840,204840,,STOCK,1
205100,205100,,STOCK,1
205470,205470,,STOCK,1
205500,205500,,STOCK,1
206400,206400,,STOCK,1
206560,206560,,STOCK,1
206640,206640,,STOCK,1
206650,206650,,STOCK,1
207760,207760,,STOCK,1
207940,207940,,STOCK,1
208140,208140,,STOCK,1
208350,208350,,STOCK,1
208370,208370,,STOCK,1
208640,208640,,STOCK,1
208710,208710,,STOCK,1
208860,208860,,STOCK,1
209640,209640,,STOCK,1
210120,210120,,STOCK,1
210540,210540,,STOCK,1
210980,210980,,STOCK,1
211050,211050,,STOCK,1
211270,211270,,STOCK,1
212560,212560,,STOCK,1
212710,212710,,STOCK,1
213420,213420,,STOCK,1
213500,213500,,STOCK,1
214150,214150,,STOCK,1
214180,214180,,STOCK,1
214260,214260,,STOCK,1
214270,214270,,STOCK,1
214320,214320,,STOCK,1
214330,214330,,STOCK,1
214370,214370,,STOCK,1
214390,214390,,STOCK,1
214420,214420,,STOCK,1
214430,214430,,STOCK,1
214450,214450,,STOCK,1
214610,214610,,STOCK,1
214680,214680,,STOCK,1
215000,215000,,STOCK,1
215090,215090,,STOCK,1
215100,215100,,STOCK,1
215200,215200,,STOCK,1
215360,215360,,STOCK,1
215380,215380,,STOCK,1
215480,215480,,STOCK,1
215600,215600,,STOCK,1
215790,215790,,STOCK,1
216050,216050,,STOCK,1
216080,216080,,STOCK,1
217190,217190,,STOCK,1
217270,217270,,STOCK,1
217330,217330,,STOCK,1
217480,217480,,STOCK,1
217500,217500,,STOCK,1
217590,217590,,STOCK,1
217730,217730,,STOCK,1
217820,217820,,STOCK,1
218150,218150,,STOCK,1
218410,218410,,STOCK,1
219130,219130,,STOCK,1
219420,219420,,STOCK,1
219550,219550,,STOCK,1
219750,219750,,STOCK,1
220100,220100,,STOCK,1
220180,220180,,STOCK,1
220260,220260,,STOCK,1
221800,221800,,STOCK,1
221840,221840,,STOCK,1
221980,221980,,STOCK,1
222040,222040,,STOCK,1
222080,222080,,STOCK,1
222110,222110,,STOCK,1
222420,222420,,STOCK,1
222800,222800,,STOCK,1
222980,222980,,STOCK,1
223250,223250,,STOCK,1
223310,223310,,STOCK,1
224060,224060,,STOCK,1
224110,224110,,STOCK,1
225190,225190,,STOCK,1
225220,225220,,STOCK,1
225430,225430,,STOCK,1
225530,225530,,STOCK,1
225570,225570,,STOCK,1
225590,225590,,STOCK,1
226320,226320,,STOCK,1
226330,226330,,STOCK,1
226340,226340,,STOCK,1
226400,226400,,STOCK,1
226590,226590,,STOCK,1
226950,226950,,STOCK,1
227610,227610,,STOCK,1
227840,227840,,STOCK,1
227950,227950,,STOCK,1
228340,228340,,STOCK,1
228670,228670,,STOCK,1
228760,228760,,STOCK,1
228850,228850,,STOCK,1
229000,229000,,STOCK,1
229640,229640,,STOCK,1
230240,230240,,STOCK,1
232140,232140,,STOCK,1
232680,232680,,STOCK,1
232830,232830,,STOCK,1
234030,234030,,STOCK,1
234080,234080,,STOCK,1
234100,234100,,STOCK,1
234300,234300,,STOCK,1
234340,234340,,STOCK,1
234690,234690,,STOCK,1
234920,234920,,STOCK,1
235980,235980,,STOCK,1
236200,236200,,STOCK,1
236810,236810,,STOCK,1
237690,237690,,STOCK,1
237750,237750,,STOCK,1
237820,237820,,STOCK,1
237880,237880,,STOCK,1
238090,238090,,STOCK,1
238120,238120,,STOCK,1
238200,238200,,STOCK,1
238490,238490,,STOCK,1
239340,239340,,STOCK,1
239610,239610,,STOCK,1
239890,239890,,STOCK,1
240550,240550,,STOCK,1
240600,240600,,STOCK,1
240810,240810,,STOCK,1
241520,241520,,STOCK,1
241560,241560,,STOCK,1
241590,241590,,STOCK,1
241690,241690,,STOCK,1
241710,241710,,STOCK,1
241770,241770,,STOCK,1
241790,241790,,STOCK,1
241820,241820,,STOCK,1
241840,241840,,STOCK,1
242040,242040,,STOCK,1
243070,243070,,STOCK,1
243840,243840,,STOCK,1
244460,244460,,STOCK,1
244920,244920,,STOCK,1
245620,245620,,STOCK,1
246250,246250,,STOCK,1
246690,246690,,STOCK,1
246710,246710,,STOCK,1
246720,246720,,STOCK,1
246960,246960,,STOCK,1
247540,247540,,STOCK,1
247660,247660,,STOCK,1
248070,248070,,STOCK,1
248170,248170,,STOCK,1
249420,249420,,STOCK,1
250000,250000,,STOCK,1
250060,250060,,STOCK,1
250930,250930,,STOCK,1
251120,251120,,STOCK,1
251270,251270,,STOCK,1
251370,251370,,STOCK,1
251630,251630,,STOCK,1
251970,251970,,STOCK,1
252500,252500,,STOCK,1
252990,252990,,STOCK,1
253450,253450,,STOCK,1
253590,253590,,STOCK,1
253840,253840,,STOCK,1
254120,254120,,STOCK,1
254490,254490,,STOCK,1
255220,255220,,STOCK,1
255440,255440,,STOCK,1
256150,256150,,STOCK,1
256630,256630,,STOCK,1
256840,256840,,STOCK,1
256940,256940,,STOCK,1
257370,257370,,STOCK,1
257720,257720,,STOCK,1
258610,258610,,STOCK,1
258790,258790,,STOCK,1
258830,258830,,STOCK,1
259630,259630,,STOCK,1
259960,259960,,STOCK,1
260660,260660,,STOCK,1
260930,260930,,STOCK,1
260970,260970,,STOCK,1
261200,261200,,STOCK,1
261520,261520,,STOCK,1
261780,261780,,STOCK,1
262260,262260,,STOCK,1
262840,262840,,STOCK,1
263020,263020,,STOCK,1
263050,263050,,STOCK,1
263600,263600,,STOCK,1
263690,263690,,STOCK,1
263700,263700,,STOCK,1
263720,263720,,STOCK,1
263750,263750,,STOCK,1
263770,263770,,STOCK,1
263800,263800,,STOCK,1
263810,263810,,STOCK,1
263860,263860,,STOCK,1
263920,263920,,STOCK,1
264450,264450,,STOCK,1
264660,264660,,STOCK,1
264850,264850,,STOCK,1
264900,264900,,STOCK,1
265520,265520,,STOCK,1
265560,265560,,STOCK,1
265740,265740,,STOCK,1
267250,267250,,STOCK,1
267260,267260,,STOCK,1
267270,267270,,STOCK,1
267290,267290,,STOCK,1
267320,267320,,STOCK,1
267790,267790,,STOCK,1
267850,267850,,STOCK,1
267980,267980,,STOCK,1
268280,268280,,STOCK,1
270520,270520,,STOCK,1
270660,270660,,STOCK,1
270870,270870,,STOCK,1
271560,271560,,STOCK,1
271830,271830,,STOCK,1
271940,271940,,STOCK,1
271980,271980,,STOCK,1
272110,272110,,STOCK,1
272210,272210,,STOCK,1
272290,272290,,STOCK,1
272450,272450,,STOCK,1
272550,272550,,STOCK,1
273060,273060,,STOCK,1
273640,273640,,STOCK,1
274090,274090,,STOCK,1
274400,274400,,STOCK,1
275630,275630,,STOCK,1
276040,276040,,STOCK,1
276730,276730,,STOCK,1
277070,277070,,STOCK,1
277410,277410,,STOCK,1
277810,277810,,STOCK,1
277880,277880,,STOCK,1
278280,278280,,STOCK,1
278470,278470,,STOCK,1
278650,278650,,STOCK,1
279570,279570,,STOCK,1
279600,279600,,STOCK,1
280360,280360,,STOCK,1
281740,281740,,STOCK,1
281820,281820,,STOCK,1
282330,282330,,STOCK,1
282620,282620,,STOCK,1
282720,282720,,STOCK,1
282880,282880,,STOCK,1
284620,284620,,STOCK,1
284740,284740,,STOCK,1
285130,285130,,STOCK,1
285490,285490,,STOCK,1
285800,285800,,STOCK,1
286750,286750,,STOCK,1
286940,286940,,STOCK,1
287840,287840,,STOCK,1
288180,288180,,STOCK,1
288330,288330,,STOCK,1
288620,288620,,STOCK,1
288980,288980,,STOCK,1
289010,289010,,STOCK,1
289080,289080,,STOCK,1
289220,289220,,STOCK,1
289930,289930,,STOCK,1
290090,290090,,STOCK,1
290120,290120,,STOCK,1
290270,290270,,STOCK,1
290520,290520,,STOCK,1
290550,290550,,STOCK,1
290560,290560,,STOCK,1
290650,290650,,STOCK,1
290660,290660,,STOCK,1
290670,290670,,STOCK,1
290690,290690,,STOCK,1
290720,290720,,STOCK,1
290740,290740,,STOCK,1
291230,291230,,STOCK,1
291650,291650,,STOCK,1
291810,291810,,STOCK,1
293480,293480,,STOCK,1
293490,293490,,STOCK,1
293580,293580,,STOCK,1
293780,293780,,STOCK,1
294090,294090,,STOCK,1
294140,294140,,STOCK,1
294570,294570,,STOCK,1
294630,294630,,STOCK,1
294870,294870,,STOCK,1
295310,295310,,STOCK,1
296640,296640,,STOCK,1
297090,297090,,STOCK,1
297570,297570,,STOCK,1
297890,297890,,STOCK,1
298000,298000,,STOCK,1
298020,298020,,STOCK,1
298040,298040,,STOCK,1
298050,298050,,STOCK,1
298060,298060,,STOCK,1
298380,298380,,STOCK,1
298540,298540,,STOCK,1
298690,298690,,STOCK,1
298830,298830,,STOCK,1
299030,299030,,STOCK,1
299170,299170,,STOCK,1
299660,299660,,STOCK,1
300080,300080,,STOCK,1
300120,300120,,STOCK,1
300720,300720,,STOCK,1
301300,301300,,STOCK,1
302430,302430,,STOCK,1
302440,302440,,STOCK,1
302550,302550,,STOCK,1
303030,303030,,STOCK,1
303360,303360,,STOCK,1
303530,303530,,STOCK,1
303810,303810,,STOCK,1
304100,304100,,STOCK,1
304360,304360,,STOCK,1
304840,304840,,STOCK,1
305090,305090,,STOCK,1
306040,306040,,STOCK,1
306200,306200,,STOCK,1
306620,306620,,STOCK,1
307180,307180,,STOCK,1
307280,307280,,STOCK,1
307750,307750,,STOCK,1
307870,307870,,STOCK,1
307930,307930,,STOCK,1
307950,307950,,STOCK,1
308080,308080,,STOCK,1
308100,308100,,STOCK,1
308170,308170,,STOCK,1
308430,308430,,STOCK,1
309710,309710,,STOCK,1
309930,309930,,STOCK,1
309960,309960,,STOCK,1
310200,310200,,STOCK,1
310210,310210,,STOCK,1
310870,310870,,STOCK,1
311320,311320,,STOCK,1
311390,311390,,STOCK,1
311690,311690,,STOCK,1
312610,312610,,STOCK,1
313760,313760,,STOCK,1
314130,314130,,STOCK,1
314140,314140,,STOCK,1
314930,314930,,STOCK,1
315640,315640,,STOCK,1
316140,316140,,STOCK,1
317120,317120,,STOCK,1
317240,317240,,STOCK,1
317330,317330,,STOCK,1
317400,317400,,STOCK,1
317450,317450,,STOCK,1
317530,317530,,STOCK,1
317690,317690,,STOCK,1
317770,317770,,STOCK,1
317830,317830,,STOCK,1
317850,317850,,STOCK,1
317870,317870,,STOCK,1
318000,318000,,STOCK,1
318010,318010,,STOCK,1
318020,318020,,STOCK,1
318060,318060,,STOCK,1
318160,318160,,STOCK,1
318410,318410,,STOCK,1
319400,319400,,STOCK,1
319660,319660,,STOCK,1
320000,320000,,STOCK,1
321260,321260,,STOCK,1
321370,321370,,STOCK,1
321550,321550,,STOCK,1
321820,321820,,STOCK,1
322000,322000,,STOCK,1
322180,322180,,STOCK,1
322310,322310,,STOCK,1
322510,322510,,STOCK,1
322780,322780,,STOCK,1
323280,323280,,STOCK,1
323350,323350,,STOCK,1
323410,323410,,STOCK,1
323990,323990,,STOCK,1
326030,326030,,STOCK,1
327260,327260,,STOCK,1
328130,328130,,STOCK,1
328380,328380,,STOCK,1
329180,329180,,STOCK,1
330350,330350,,STOCK,1
330730,330730,,STOCK,1
330860,330860,,STOCK,1
331380,331380,,STOCK,1
331520,331520,,STOCK,1
331740,331740,,STOCK,1
331920,331920,,STOCK,1
332290,332290,,STOCK,1
332370,332370,,STOCK,1
332570,332570,,STOCK,1
333050,333050,,STOCK,1
333430,333430,,STOCK,1
333620,333620,,STOCK,1
334970,334970,,STOCK,1
335810,335810,,STOCK,1
335870,335870,,STOCK,1
336060,336060,,STOCK,1
336260,336260,,STOCK,1
336370,336370,,STOCK,1
336570,336570,,STOCK,1
336680,336680,,STOCK,1
337930,337930,,STOCK,1
338220,338220,,STOCK,1
338840,338840,,STOCK,1
339770,339770,,STOCK,1
339950,339950,,STOCK,1
340360,340360,,STOCK,1
340440,340440,,STOCK,1
340450,340450,,STOCK,1
340570,340570,,STOCK,1
340810,340810,,STOCK,1
340930,340930,,STOCK,1
342870,342870,,STOCK,1
344820,344820,,STOCK,1
344860,344860,,STOCK,1
347000,347000,,STOCK,1
347700,347700,,STOCK,1
347740,347740,,STOCK,1
347770,347770,,STOCK,1
347850,347850,,STOCK,1
347860,347860,,STOCK,1
347890,347890,,STOCK,1
348030,348030,,STOCK,1
348080,348080,,STOCK,1
348150,348150,,STOCK,1
348210,348210,,STOCK,1
348340,348340,,STOCK,1
348350,348350,,STOCK,1
348370,348370,,STOCK,1
351320,351320,,STOCK,1
351330,351330,,STOCK,1
351870,351870,,STOCK,1
352090,352090,,STOCK,1
352480,352480,,STOCK,1
352700,352700,,STOCK,1
352770,352770,,STOCK,1
352820,352820,,STOCK,1
352910,352910,,STOCK,1
352940,352940,,STOCK,1
353190,353190,,STOCK,1
353200,353200,,STOCK,1
353590,353590,,STOCK,1
353810,353810,,STOCK,1
354200,354200,,STOCK,1
354320,354320,,STOCK,1
355150,355150,,STOCK,1
355390,355390,,STOCK,1
355690,355690,,STOCK,1
356680,356680,,STOCK,1
356860,356860,,STOCK,1
356890,356890,,STOCK,1
357230,357230,,STOCK,1
357550,357550,,STOCK,1
357580,357580,,STOCK,1
357780,357780,,STOCK,1
357880,357880,,STOCK,1
358570,358570,,STOCK,1
359090,359090,,STOCK,1
360070,360070,,STOCK,1
360350,360350,,STOCK,1
361390,361390,,STOCK,1
361570,361570,,STOCK,1
361610,361610,,STOCK,1
361670,361670,,STOCK,1
362320,362320,,STOCK,1
362990,362990,,STOCK,1
363250,363250,,STOCK,1
363260,363260,,STOCK,1
363280,363280,,STOCK,1
364950,364950,,STOCK,1
365270,365270,,STOCK,1
365330,365330,,STOCK,1
365340,365340,,STOCK,1
365590,365590,,STOCK,1
365660,365660,,STOCK,1
365900,365900,,STOCK,1
366030,366030,,STOCK,1
367000,367000,,STOCK,1
368600,368600,,STOCK,1
368770,368770,,STOCK,1
368970,368970,,STOCK,1
369370,369370,,STOCK,1
370090,370090,,STOCK,1
371950,371950,,STOCK,1
372170,372170,,STOCK,1
372320,372320,,STOCK,1
372800,372800,,STOCK,1
372910,372910,,STOCK,1
373110,373110,,STOCK,1
373160,373160,,STOCK,1
373170,373170,,STOCK,1
373200,373200,,STOCK,1
373220,373220,,STOCK,1
375500,375500,,STOCK,1
376180,376180,,STOCK,1
376270,376270,,STOCK,1
376290,376290,,STOCK,1
376300,376300,,STOCK,1
376900,376900,,STOCK,1
376930,376930,,STOCK,1
376980,376980,,STOCK,1
377030,377030,,STOCK,1
377220,377220,,STOCK,1
377300,377300,,STOCK,1
377330,377330,,STOCK,1
377450,377450,,STOCK,1
377460,377460,,STOCK,1
377480,377480,,STOCK,1
377740,377740,,STOCK,1
378340,378340,,STOCK,1
378800,378800,,STOCK,1
378850,378850,,STOCK,1
380540,380540,,STOCK,1
380550,380550,,STOCK,1
381620,381620,,STOCK,1
381970,381970,,STOCK,1
382150,382150,,STOCK,1
382480,382480,,STOCK,1
382800,382800,,STOCK,1
382840,382840,,STOCK,1
382900,382900,,STOCK,1
383220,383220,,STOCK,1
383310,383310,,STOCK,1
383800,383800,,STOCK,1
383930,383930,,STOCK,1
384470,384470,,STOCK,1
386380,386380,,STOCK,1
387570,387570,,STOCK,1
387690,387690,,STOCK,1
388050,388050,,STOCK,1
388210,388210,,STOCK,1
388610,388610,,STOCK,1
388720,388720,,STOCK,1
388790,388790,,STOCK,1
388870,388870,,STOCK,1
389020,389020,,STOCK,1
389030,389030,,STOCK,1
389140,389140,,STOCK,1
389260,389260,,STOCK,1
389470,389470,,STOCK,1
389500,389500,,STOCK,1
389650,389650,,STOCK,1
389680,389680,,STOCK,1
391710,391710,,STOCK,1
393210,393210,,STOCK,1
393890,393890,,STOCK,1
393970,393970,,STOCK,1
394280,394280,,STOCK,1
394420,394420,,STOCK,1
394800,394800,,STOCK,1
396270,396270,,STOCK,1
396300,396300,,STOCK,1
396470,396470,,STOCK,1
397030,397030,,STOCK,1
397810,397810,,STOCK,1
398120,398120,,STOCK,1
399720,399720,,STOCK,1
402030,402030,,STOCK,1
402340,402340,,STOCK,1
402490,402490,,STOCK,1
403490,403490,,STOCK,1
403550,403550,,STOCK,1
403850,403850,,STOCK,1
403870,403870,,STOCK,1
405000,405000,,STOCK,1
405100,405100,,STOCK,1
405920,405920,,STOCK,1
406820,406820,,STOCK,1
407400,407400,,STOCK,1
408470,408470,,STOCK,1
408900,408900,,STOCK,1
408920,408920,,STOCK,1
411080,411080,,STOCK,1
412350,412350,,STOCK,1
412540,412540,,STOCK,1
413390,413390,,STOCK,1
413630,413630,,STOCK,1
413640,413640,,STOCK,1
415380,415380,,STOCK,1
416180,416180,,STOCK,1
417010,417010,,STOCK,1
417030,417030,,STOCK,1
417180,417180,,STOCK,1
417200,417200,,STOCK,1
417500,417500,,STOCK,1
417790,417790,,STOCK,1
417840,417840,,STOCK,1
417860,417860,,STOCK,1
417970,417970,,STOCK,1
418250,418250,,STOCK,1
418420,418420,,STOCK,1
418470,418470,,STOCK,1
418550,418550,,STOCK,1
418620,418620,,STOCK,1
419050,419050,,STOCK,1
419080,419080,,STOCK,1
419120,419120,,STOCK,1
419530,419530,,STOCK,1
419540,419540,,STOCK,1
420570,420570,,STOCK,1
420770,420770,,STOCK,1
424760,424760,,STOCK,1
424870,424870,,STOCK,1
424960,424960,,STOCK,1
424980,424980,,STOCK,1
425040,425040,,STOCK,1
425420,425420,,STOCK,1
429270,429270,,STOCK,1
430690,430690,,STOCK,1
431190,431190,,STOCK,1
432430,432430,,STOCK,1
432470,432470,,STOCK,1
432720,432720,,STOCK,1
432980,432980,,STOCK,1
434480,434480,,STOCK,1
435570,435570,,STOCK,1
437730,437730,,STOCK,1
438700,438700,,STOCK,1
439090,439090,,STOCK,1
439260,439260,,STOCK,1
439580,439580,,STOCK,1
439960,439960,,STOCK,1
440110,440110,,STOCK,1
440290,440290,,STOCK,1
440320,440320,,STOCK,1
441270,441270,,STOCK,1
443060,443060,,STOCK,1
443250,443250,,STOCK,1
443670,443670,,STOCK,1
444530,444530,,STOCK,1
445090,445090,,STOCK,1
445180,445180,,STOCK,1
445680,445680,,STOCK,1
446070,446070,,STOCK,1
446540,446540,,STOCK,1
446840,446840,,STOCK,1
448280,448280,,STOCK,1
448710,448710,,STOCK,1
448900,448900,,STOCK,1
450080,450080,,STOCK,1
450330,450330,,STOCK,1
450520,450520,,STOCK,1
450950,450950,,STOCK,1
451220,451220,,STOCK,1
451250,451250,,STOCK,1
451760,451760,,STOCK,1
452160,452160,,STOCK,1
452190,452190,,STOCK,1
452200,452200,,STOCK,1
452260,452260,,STOCK,1
452280,452280,,STOCK,1
452300,452300,,STOCK,1
452400,452400,,STOCK,1
452430,452430,,STOCK,1
452450,452450,,STOCK,1
453340,453340,,STOCK,1
453450,453450,,STOCK,1
453860,453860,,STOCK,1
454910,454910,,STOCK,1
455180,455180,,STOCK,1
455900,455900,,STOCK,1
456010,456010,,STOCK,1
456040,456040,,STOCK,1
456070,456070,,STOCK,1
456160,456160,,STOCK,1
457190,457190,,STOCK,1
457370,457370,,STOCK,1
457550,457550,,STOCK,1
457600,457600,,STOCK,1
458350,458350,,STOCK,1
458650,458650,,STOCK,1
458870,458870,,STOCK,1
459100,459100,,STOCK,1
459510,459510,,STOCK,1
459550,459550,,STOCK,1
460470,460470,,STOCK,1
460850,460850,,STOCK,1
460860,460860,,STOCK,1
460870,460870,,STOCK,1
460930,460930,,STOCK,1
460940,460940,,STOCK,1
461030,461030,,STOCK,1
461300,461300,,STOCK,1
462310,462310,,STOCK,1
462350,462350,,STOCK,1
462510,462510,,STOCK,1
462520,462520,,STOCK,1
462860,462860,,STOCK,1
462870,462870,,STOCK,1
462980,462980,,STOCK,1
463020,463020,,STOCK,1
463480,463480,,STOCK,1
464080,464080,,STOCK,1
464280,464280,,STOCK,1
464490,464490,,STOCK,1
464500,464500,,STOCK,1
464580,464580,,STOCK,1
465480,465480,,STOCK,1
465770,465770,,STOCK,1
466100,466100,,STOCK,1
466410,466410,,STOCK,1
466690,466690,,STOCK,1
468530,468530,,STOCK,1
468760,468760,,STOCK,1
469480,469480,,STOCK,1
469610,469610,,STOCK,1
469750,469750,,STOCK,1
469900,469900,,STOCK,1
471820,471820,,STOCK,1
472230,472230,,STOCK,1
472850,472850,,STOCK,1
473000,473000,,STOCK,1
473050,473050,,STOCK,1
473950,473950,,STOCK,1
473980,473980,,STOCK,1
474170,474170,,STOCK,1
474490,474490,,STOCK,1
474610,474610,,STOCK,1
474650,474650,,STOCK,1
474660,474660,,STOCK,1
474930,474930,,STOCK,1
475040,475040,,STOCK,1
475150,475150,,STOCK,1
475230,475230,,STOCK,1
475240,475240,,STOCK,1
475250,475250,,STOCK,1
475400,475400,,STOCK,1
475430,475430,,STOCK,1
475460,475460,,STOCK,1
475560,475560,,STOCK,1
475580,475580,,STOCK,1
475660,475660,,STOCK,1
475830,475830,,STOCK,1
475960,475960,,STOCK,1
476040,476040,,STOCK,1
476060,476060,,STOCK,1
476080,476080,,STOCK,1
476830,476830,,STOCK,1
477340,477340,,STOCK,1
477380,477380,,STOCK,1
477470,477470,,STOCK,1
477760,477760,,STOCK,1
477850,477850,,STOCK,1
478110,478110,,STOCK,1
478340,478340,,STOCK,1
478390,478390,,STOCK,1
478440,478440,,STOCK,1
478560,478560,,STOCK,1
479880,479880,,STOCK,1
479960,479960,,STOCK,1
480370,480370,,STOCK,1
481070,481070,,STOCK,1
481890,481890,,STOCK,1
482520,482520,,STOCK,1
482630,482630,,STOCK,1
482680,482680,,STOCK,1
482690,482690,,STOCK,1
483350,483350,,STOCK,1
483650,483650,,STOCK,1
484120,484120,,STOCK,1
484130,484130,,STOCK,1
484590,484590,,STOCK,1
484810,484810,,STOCK,1
484870,484870,,STOCK,1
486630,486630,,STOCK,1
486990,486990,,STOCK,1
487360,487360,,STOCK,1
487400,487400,,STOCK,1
487570,487570,,STOCK,1
487580,487580,,STOCK,1
487720,487720,,STOCK,1
487830,487830,,STOCK,1
488060,488060,,STOCK,1
488280,488280,,STOCK,1
488900,488900,,STOCK,1
489210,489210,,STOCK,1
489460,489460,,STOCK,1
489480,489480,,STOCK,1
489500,489500,,STOCK,1
489730,489730,,STOCK,1
489790,489790,,STOCK,1
490470,490470,,STOCK,1
491000,491000,,STOCK,1
492220,492220,,STOCK,1
493280,493280,,STOCK,1
493330,493330,,STOCK,1
493790,493790,,STOCK,1
494120,494120,,STOCK,1
496070,496070,,STOCK,1
498390,498390,,STOCK,1
499790,499790,,STOCK,1
